alpha,seed,silo,sample_idx,family,family_eligible,kendall_weighted_tau,jaccard_at_5,jaccard_at_10,jaccard_at_20
0.1,42,0,0,Benign,False,0.10601413275411004,0.1111111111111111,0.17647058823529413,0.2903225806451613
0.1,42,0,1,Benign,False,0.4539219997079965,0.42857142857142855,0.25,0.25
0.1,42,0,2,Bot,True,0.4862628913319501,0.0,0.1111111111111111,0.2903225806451613
0.1,42,0,3,Bot,True,0.13747431037303676,0.1111111111111111,0.25,0.2903225806451613
0.1,42,0,4,BruteForce,False,0.22052671062934862,0.1111111111111111,0.25,0.25
0.1,42,0,5,BruteForce,False,0.1954069896636156,0.25,0.25,0.25
0.1,42,0,6,DDoS,True,0.19041495934959266,0.0,0.1111111111111111,0.25
0.1,42,0,7,DDoS,True,0.3464332014103939,0.0,0.17647058823529413,0.2903225806451613
0.1,42,0,8,DoS,False,0.4664101245939102,0.1111111111111111,0.17647058823529413,0.25
0.1,42,0,9,DoS,False,0.4185277796628851,0.1111111111111111,0.1111111111111111,0.3333333333333333
0.1,42,0,10,PortScan,True,0.359215048055881,0.1111111111111111,0.1111111111111111,0.25
0.1,42,0,11,PortScan,True,0.4016192251724429,0.1111111111111111,0.25,0.42857142857142855
0.1,42,0,12,WebAttack,False,0.3564473448505921,0.25,0.1111111111111111,0.21212121212121213
0.1,42,0,13,WebAttack,False,0.3658702168777917,0.25,0.1111111111111111,0.21212121212121213
0.1,42,1,0,Benign,True,0.3073430936885851,0.0,0.25,0.25
0.1,42,1,1,Benign,True,0.679342170803777,0.6666666666666666,0.42857142857142855,0.3333333333333333
0.1,42,1,2,Bot,True,0.19498796831224363,0.0,0.1111111111111111,0.17647058823529413
0.1,42,1,3,Bot,True,0.3418404203898871,0.25,0.3333333333333333,0.2903225806451613
0.1,42,1,4,BruteForce,True,0.39323657052028277,0.1111111111111111,0.3333333333333333,0.3333333333333333
0.1,42,1,5,BruteForce,True,0.42315286885157366,0.25,0.3333333333333333,0.2903225806451613
0.1,42,1,6,DDoS,False,0.7350312940839528,0.42857142857142855,0.6666666666666666,0.42857142857142855
0.1,42,1,7,DDoS,False,0.7134835342819886,0.25,0.3333333333333333,0.6
0.1,42,1,8,DoS,True,0.6969673649700154,0.1111111111111111,0.3333333333333333,0.3793103448275862
0.1,42,1,9,DoS,True,0.6930354309688331,0.25,0.3333333333333333,0.3793103448275862
0.1,42,1,10,PortScan,True,0.4128561645997706,0.25,0.25,0.2903225806451613
0.1,42,1,11,PortScan,True,0.5415168531508225,0.42857142857142855,0.3333333333333333,0.48148148148148145
0.1,42,1,12,WebAttack,False,0.5539213459211907,0.1111111111111111,0.17647058823529413,0.3793103448275862
0.1,42,1,13,WebAttack,False,0.5729788734097263,0.1111111111111111,0.17647058823529413,0.3793103448275862
0.1,42,2,0,Benign,True,0.6400572077014534,0.1111111111111111,0.25,0.3333333333333333
0.1,42,2,1,Benign,True,0.7154744313850179,0.25,0.42857142857142855,0.5384615384615384
0.1,42,2,2,Bot,False,0.6180406841217352,0.42857142857142855,0.5384615384615384,0.42857142857142855
0.1,42,2,3,Bot,False,0.6352624163309334,0.42857142857142855,0.42857142857142855,0.48148148148148145
0.1,42,2,4,BruteForce,False,0.6789364623784759,0.25,0.42857142857142855,0.6
0.1,42,2,5,BruteForce,False,0.6817853447372859,0.25,0.42857142857142855,0.48148148148148145
0.1,42,2,6,DDoS,True,0.7368128996092103,0.6666666666666666,0.5384615384615384,0.48148148148148145
0.1,42,2,7,DDoS,True,0.647267728722608,0.6666666666666666,0.42857142857142855,0.42857142857142855
0.1,42,2,8,DoS,True,0.7299740327019275,0.42857142857142855,0.5384615384615384,0.6
0.1,42,2,9,DoS,True,0.7337990382285032,0.6666666666666666,0.5384615384615384,0.5384615384615384
0.1,42,2,10,PortScan,False,0.7671603334302337,0.42857142857142855,0.5384615384615384,0.48148148148148145
0.1,42,2,11,PortScan,False,0.7767572456548524,0.42857142857142855,0.3333333333333333,0.48148148148148145
0.1,42,2,12,WebAttack,True,0.5914037059831466,0.25,0.42857142857142855,0.42857142857142855
0.1,42,2,13,WebAttack,True,0.5799415457573188,0.1111111111111111,0.42857142857142855,0.42857142857142855
0.1,42,3,0,Benign,False,0.0600758686758084,0.25,0.17647058823529413,0.3333333333333333
0.1,42,3,1,Benign,False,0.515766695869206,0.1111111111111111,0.1111111111111111,0.17647058823529413
0.1,42,3,2,Bot,True,-0.20321089057107972,0.0,0.05263157894736842,0.08108108108108109
0.1,42,3,3,Bot,True,0.5276508937537688,0.25,0.17647058823529413,0.17647058823529413
0.1,42,3,4,BruteForce,False,0.2790559312323367,0.25,0.25,0.2903225806451613
0.1,42,3,5,BruteForce,False,0.22817432345659297,0.25,0.25,0.2903225806451613
0.1,42,3,6,DDoS,False,0.5166897240995909,0.42857142857142855,0.3333333333333333,0.3333333333333333
0.1,42,3,7,DDoS,False,0.5591965978306161,0.6666666666666666,0.3333333333333333,0.3333333333333333
0.1,42,3,8,DoS,True,0.39206785000006183,0.1111111111111111,0.17647058823529413,0.42857142857142855
0.1,42,3,9,DoS,True,0.5745358845094041,0.1111111111111111,0.17647058823529413,0.42857142857142855
0.1,42,3,10,PortScan,False,0.49918432764631676,0.25,0.3333333333333333,0.2903225806451613
0.1,42,3,11,PortScan,False,0.7449055776645892,0.6666666666666666,0.42857142857142855,0.3333333333333333
0.1,42,3,12,WebAttack,True,0.3987214468223039,0.0,0.05263157894736842,0.17647058823529413
0.1,42,3,13,WebAttack,True,0.41456494047725245,0.0,0.05263157894736842,0.21212121212121213
0.1,42,4,0,Benign,True,0.32024644497817,0.0,0.17647058823529413,0.3793103448275862
0.1,42,4,1,Benign,True,0.7159092430880325,0.6666666666666666,0.5384615384615384,0.3793103448275862
0.1,42,4,2,Bot,True,0.3716156170061403,0.1111111111111111,0.17647058823529413,0.3793103448275862
0.1,42,4,3,Bot,True,0.7117769327193222,0.25,0.42857142857142855,0.3333333333333333
0.1,42,4,4,BruteForce,True,0.5389884117202045,0.25,0.25,0.3333333333333333
0.1,42,4,5,BruteForce,True,0.5195236474669961,0.25,0.25,0.3333333333333333
0.1,42,4,6,DDoS,True,0.6916814752220066,0.6666666666666666,0.6666666666666666,0.5384615384615384
0.1,42,4,7,DDoS,True,0.7086603224502319,0.25,0.5384615384615384,0.6
0.1,42,4,8,DoS,False,0.7453974978518496,0.42857142857142855,0.42857142857142855,0.5384615384615384
0.1,42,4,9,DoS,False,0.7261128301511699,0.25,0.3333333333333333,0.48148148148148145
0.1,42,4,10,PortScan,True,0.5962556240810519,0.25,0.25,0.42857142857142855
0.1,42,4,11,PortScan,True,0.7618395078055644,0.25,0.3333333333333333,0.48148148148148145
0.1,42,4,12,WebAttack,True,0.6195251430038793,0.1111111111111111,0.3333333333333333,0.42857142857142855
0.1,42,4,13,WebAttack,True,0.6293559937935351,0.25,0.25,0.3793103448275862
0.1,42,5,0,Benign,True,0.554586828830396,0.25,0.17647058823529413,0.3333333333333333
0.1,42,5,1,Benign,True,0.6571669108411516,0.6666666666666666,0.6666666666666666,0.48148148148148145
0.1,42,5,2,Bot,True,-0.002292949448654512,0.1111111111111111,0.05263157894736842,0.3793103448275862
0.1,42,5,3,Bot,True,0.3809534733606055,0.1111111111111111,0.17647058823529413,0.3793103448275862
0.1,42,5,4,BruteForce,False,0.5717917706630767,0.1111111111111111,0.3333333333333333,0.48148148148148145
0.1,42,5,5,BruteForce,False,0.5775507459612874,0.1111111111111111,0.25,0.48148148148148145
0.1,42,5,6,DDoS,False,0.7166320717393073,0.42857142857142855,0.5384615384615384,0.42857142857142855
0.1,42,5,7,DDoS,False,0.711910599806115,0.25,0.5384615384615384,0.48148148148148145
0.1,42,5,8,DoS,True,0.7938302563942398,0.42857142857142855,0.8181818181818182,0.6666666666666666
0.1,42,5,9,DoS,True,0.6821937398843021,0.42857142857142855,0.5384615384615384,0.3793103448275862
0.1,42,5,10,PortScan,True,0.10759379730789337,0.1111111111111111,0.17647058823529413,0.21212121212121213
0.1,42,5,11,PortScan,True,0.46029029077713013,0.42857142857142855,0.17647058823529413,0.42857142857142855
0.1,42,5,12,WebAttack,False,0.667927822428791,0.25,0.3333333333333333,0.5384615384615384
0.1,42,5,13,WebAttack,False,0.6616857379822192,0.25,0.42857142857142855,0.5384615384615384
0.1,42,6,0,Benign,False,0.1589115515676297,0.1111111111111111,0.17647058823529413,0.2903225806451613
0.1,42,6,1,Benign,False,0.38782097165732965,0.25,0.17647058823529413,0.14285714285714285
0.1,42,6,2,Bot,False,0.4454783367116285,0.0,0.05263157894736842,0.25
0.1,42,6,3,Bot,False,0.28548580105847726,0.0,0.25,0.42857142857142855
0.1,42,6,4,BruteForce,True,0.32516462444135236,0.25,0.3333333333333333,0.2903225806451613
0.1,42,6,5,BruteForce,True,0.31267689086007877,0.25,0.3333333333333333,0.2903225806451613
0.1,42,6,6,DDoS,True,-0.03059920314458817,0.25,0.17647058823529413,0.25
0.1,42,6,7,DDoS,True,0.09582246623957501,0.1111111111111111,0.1111111111111111,0.3793103448275862
0.1,42,6,8,DoS,False,0.40058173882068027,0.25,0.17647058823529413,0.25
0.1,42,6,9,DoS,False,0.05106234289970127,0.1111111111111111,0.1111111111111111,0.21212121212121213
0.1,42,6,10,PortScan,False,0.5673792164817051,0.25,0.25,0.3333333333333333
0.1,42,6,11,PortScan,False,0.39732319004593253,0.1111111111111111,0.25,0.2903225806451613
0.1,42,6,12,WebAttack,False,0.3719496412013129,0.1111111111111111,0.1111111111111111,0.25
0.1,42,6,13,WebAttack,False,0.37358864177696827,0.1111111111111111,0.1111111111111111,0.25
0.1,42,7,0,Benign,True,0.660406744180456,0.42857142857142855,0.3333333333333333,0.5384615384615384
0.1,42,7,1,Benign,True,0.8075579717780254,0.42857142857142855,0.5384615384615384,0.6666666666666666
0.1,42,7,2,Bot,False,0.03184611308484971,0.1111111111111111,0.17647058823529413,0.3333333333333333
0.1,42,7,3,Bot,False,0.666796063701633,0.42857142857142855,0.3333333333333333,0.3793103448275862
0.1,42,7,4,BruteForce,True,0.6019435494790603,0.25,0.25,0.42857142857142855
0.1,42,7,5,BruteForce,True,0.6009872972207468,0.25,0.25,0.42857142857142855
0.1,42,7,6,DDoS,False,0.5794875758944487,0.42857142857142855,0.42857142857142855,0.3793103448275862
0.1,42,7,7,DDoS,False,0.5763846621384716,0.25,0.25,0.42857142857142855
0.1,42,7,8,DoS,True,0.7735787344171956,0.25,0.5384615384615384,0.6
0.1,42,7,9,DoS,True,0.6992564100319063,0.25,0.6666666666666666,0.3793103448275862
0.1,42,7,10,PortScan,False,0.4711700830377567,0.25,0.3333333333333333,0.42857142857142855
0.1,42,7,11,PortScan,False,0.7955897963373487,0.6666666666666666,0.42857142857142855,0.5384615384615384
0.1,42,7,12,WebAttack,False,0.611022509382432,0.25,0.42857142857142855,0.42857142857142855
0.1,42,7,13,WebAttack,False,0.5961384097065486,0.25,0.42857142857142855,0.42857142857142855
0.1,42,8,0,Benign,True,0.5413903002925464,0.1111111111111111,0.3333333333333333,0.3793103448275862
0.1,42,8,1,Benign,True,0.7674439763483131,0.42857142857142855,0.5384615384615384,0.6
0.1,42,8,2,Bot,False,0.7083815654635888,0.6666666666666666,0.5384615384615384,0.5384615384615384
0.1,42,8,3,Bot,False,0.5721681000461019,0.25,0.3333333333333333,0.42857142857142855
0.1,42,8,4,BruteForce,False,0.6603765126021356,0.25,0.25,0.48148148148148145
0.1,42,8,5,BruteForce,False,0.66612040495673,0.25,0.25,0.48148148148148145
0.1,42,8,6,DDoS,False,0.6977315063309726,0.42857142857142855,0.5384615384615384,0.3793103448275862
0.1,42,8,7,DDoS,False,0.7127672681655013,0.1111111111111111,0.5384615384615384,0.42857142857142855
0.1,42,8,8,DoS,True,0.7576330310272614,0.6666666666666666,0.8181818181818182,0.5384615384615384
0.1,42,8,9,DoS,True,0.6818378662862444,0.6666666666666666,0.3333333333333333,0.48148148148148145
0.1,42,8,10,PortScan,False,0.7201297136918766,0.42857142857142855,0.42857142857142855,0.48148148148148145
0.1,42,8,11,PortScan,False,0.7284201890225904,0.42857142857142855,0.3333333333333333,0.42857142857142855
0.1,42,8,12,WebAttack,False,0.6986705368028283,0.25,0.5384615384615384,0.42857142857142855
0.1,42,8,13,WebAttack,False,0.6957997771884828,0.25,0.5384615384615384,0.42857142857142855
0.1,1337,0,0,Benign,True,0.8126733628710381,0.6666666666666666,0.5384615384615384,0.6666666666666666
0.1,1337,0,1,Benign,True,0.8906780284619497,0.6666666666666666,0.6666666666666666,0.6666666666666666
0.1,1337,0,2,Bot,False,0.7310304748984893,0.25,0.25,0.42857142857142855
0.1,1337,0,3,Bot,False,0.6965662118450127,0.25,0.42857142857142855,0.3333333333333333
0.1,1337,0,4,BruteForce,False,0.8011418858662893,1.0,0.5384615384615384,0.42857142857142855
0.1,1337,0,5,BruteForce,False,0.8173830019996324,1.0,0.6666666666666666,0.6
0.1,1337,0,6,DDoS,True,0.8261745427320567,0.25,0.5384615384615384,0.7391304347826086
0.1,1337,0,7,DDoS,True,0.8271246278970583,0.25,0.5384615384615384,0.7391304347826086
0.1,1337,0,8,DoS,False,0.7322743346779346,0.25,0.8181818181818182,0.7391304347826086
0.1,1337,0,9,DoS,False,0.7804666214657323,0.42857142857142855,0.42857142857142855,0.5384615384615384
0.1,1337,0,10,PortScan,True,0.6615888934964637,0.42857142857142855,0.5384615384615384,0.5384615384615384
0.1,1337,0,11,PortScan,True,0.7291050143471596,0.6666666666666666,0.5384615384615384,0.48148148148148145
0.1,1337,0,12,WebAttack,False,0.62027492519701,0.1111111111111111,0.3333333333333333,0.3793103448275862
0.1,1337,0,13,WebAttack,False,0.5819975940233577,0.1111111111111111,0.3333333333333333,0.48148148148148145
0.1,1337,1,0,Benign,True,0.7118839313961823,0.1111111111111111,0.5384615384615384,0.5384615384615384
0.1,1337,1,1,Benign,True,0.7246173529904306,0.42857142857142855,0.25,0.48148148148148145
0.1,1337,1,2,Bot,False,0.6741841794610227,0.6666666666666666,0.42857142857142855,0.3793103448275862
0.1,1337,1,3,Bot,False,0.41769270570256445,0.1111111111111111,0.17647058823529413,0.25
0.1,1337,1,4,BruteForce,False,0.6583253057408526,0.25,0.25,0.3793103448275862
0.1,1337,1,5,BruteForce,False,0.6399517347287196,0.25,0.3333333333333333,0.3333333333333333
0.1,1337,1,6,DDoS,True,0.4638534421143515,0.25,0.25,0.21212121212121213
0.1,1337,1,7,DDoS,True,0.11792989866244104,0.1111111111111111,0.25,0.25
0.1,1337,1,8,DoS,True,0.5413387458836176,0.42857142857142855,0.17647058823529413,0.3333333333333333
0.1,1337,1,9,DoS,True,0.44505305122561384,0.1111111111111111,0.1111111111111111,0.21212121212121213
0.1,1337,1,10,PortScan,False,0.6133199897528998,0.42857142857142855,0.6666666666666666,0.48148148148148145
0.1,1337,1,11,PortScan,False,0.6583607009785148,0.42857142857142855,0.5384615384615384,0.5384615384615384
0.1,1337,1,12,WebAttack,False,0.699726153865031,0.25,0.5384615384615384,0.3333333333333333
0.1,1337,1,13,WebAttack,False,0.6567394787800489,0.25,0.5384615384615384,0.3333333333333333
0.1,1337,2,0,Benign,False,0.6585005098514862,0.25,0.3333333333333333,0.5384615384615384
0.1,1337,2,1,Benign,False,0.5760093627134062,0.25,0.25,0.5384615384615384
0.1,1337,2,2,Bot,False,0.5675854271894241,0.42857142857142855,0.17647058823529413,0.17647058823529413
0.1,1337,2,3,Bot,False,0.33256360024791926,0.25,0.3333333333333333,0.3333333333333333
0.1,1337,2,4,BruteForce,False,0.4804234530033989,0.25,0.25,0.2903225806451613
0.1,1337,2,5,BruteForce,False,0.509851034743974,0.25,0.17647058823529413,0.21212121212121213
0.1,1337,2,6,DDoS,True,0.42915689331893303,0.25,0.25,0.48148148148148145
0.1,1337,2,7,DDoS,True,0.29969274019786707,0.1111111111111111,0.25,0.3333333333333333
0.1,1337,2,8,DoS,False,0.4460701759742586,0.25,0.25,0.3333333333333333
0.1,1337,2,9,DoS,False,0.2398202269806221,0.1111111111111111,0.17647058823529413,0.3793103448275862
0.1,1337,2,10,PortScan,True,0.0913624008451781,0.25,0.25,0.3333333333333333
0.1,1337,2,11,PortScan,True,0.5810720689365392,0.42857142857142855,0.3333333333333333,0.3793103448275862
0.1,1337,2,12,WebAttack,False,0.7083321639613425,0.0,0.25,0.42857142857142855
0.1,1337,2,13,WebAttack,False,0.6676233232330936,0.0,0.25,0.48148148148148145
0.1,1337,3,0,Benign,True,0.5933144084847901,0.25,0.42857142857142855,0.5384615384615384
0.1,1337,3,1,Benign,True,0.794528766745979,0.42857142857142855,0.5384615384615384,0.6
0.1,1337,3,2,Bot,True,0.736095330848359,0.25,0.3333333333333333,0.42857142857142855
0.1,1337,3,3,Bot,True,0.6775800242007204,0.25,0.42857142857142855,0.3793103448275862
0.1,1337,3,4,BruteForce,True,0.6363406233344533,0.6666666666666666,0.5384615384615384,0.3333333333333333
0.1,1337,3,5,BruteForce,True,0.6255322265322087,0.6666666666666666,0.5384615384615384,0.42857142857142855
0.1,1337,3,6,DDoS,False,0.7549898545152804,0.25,0.42857142857142855,0.7391304347826086
0.1,1337,3,7,DDoS,False,0.734676766323905,0.42857142857142855,0.5384615384615384,0.7391304347826086
0.1,1337,3,8,DoS,True,0.7025142323040734,0.1111111111111111,0.5384615384615384,0.6666666666666666
0.1,1337,3,9,DoS,True,0.7136568327696848,0.42857142857142855,0.5384615384615384,0.6666666666666666
0.1,1337,3,10,PortScan,True,0.7613878899190403,0.6666666666666666,0.6666666666666666,0.5384615384615384
0.1,1337,3,11,PortScan,True,0.7488700885757136,0.6666666666666666,0.5384615384615384,0.6
0.1,1337,3,12,WebAttack,False,0.7709313810122541,0.42857142857142855,0.8181818181818182,0.48148148148148145
0.1,1337,3,13,WebAttack,False,0.7669394180242888,0.42857142857142855,0.8181818181818182,0.48148148148148145
0.1,1337,4,0,Benign,True,0.7003805105853947,0.25,0.3333333333333333,0.6
0.1,1337,4,1,Benign,True,0.8347557512660877,0.6666666666666666,0.6666666666666666,0.6
0.1,1337,4,2,Bot,True,0.765765131818567,0.6666666666666666,0.42857142857142855,0.48148148148148145
0.1,1337,4,3,Bot,True,0.7047235722639213,0.42857142857142855,0.5384615384615384,0.3793103448275862
0.1,1337,4,4,BruteForce,True,0.7248225447939913,0.6666666666666666,0.5384615384615384,0.3793103448275862
0.1,1337,4,5,BruteForce,True,0.7226037916779453,0.6666666666666666,0.5384615384615384,0.48148148148148145
0.1,1337,4,6,DDoS,True,0.7618250644637863,0.42857142857142855,0.6666666666666666,0.6
0.1,1337,4,7,DDoS,True,0.8165695364281111,0.6666666666666666,0.8181818181818182,0.6666666666666666
0.1,1337,4,8,DoS,True,0.7586166454320011,0.0,0.5384615384615384,0.6666666666666666
0.1,1337,4,9,DoS,True,0.8416066563095277,0.42857142857142855,0.6666666666666666,0.7391304347826086
0.1,1337,4,10,PortScan,False,0.6936334460126362,0.42857142857142855,0.42857142857142855,0.5384615384615384
0.1,1337,4,11,PortScan,False,0.6642684199556085,0.6666666666666666,0.42857142857142855,0.5384615384615384
0.1,1337,4,12,WebAttack,False,0.5965601595160592,0.1111111111111111,0.3333333333333333,0.42857142857142855
0.1,1337,4,13,WebAttack,False,0.5224052747989016,0.0,0.42857142857142855,0.42857142857142855
0.1,1337,5,0,Benign,False,0.4452258310315287,0.1111111111111111,0.25,0.2903225806451613
0.1,1337,5,1,Benign,False,0.6459286449547708,0.42857142857142855,0.42857142857142855,0.42857142857142855
0.1,1337,5,2,Bot,False,0.569868179804139,0.25,0.17647058823529413,0.2903225806451613
0.1,1337,5,3,Bot,False,0.5854623033012551,0.1111111111111111,0.25,0.3793103448275862
0.1,1337,5,4,BruteForce,True,0.5872993959166453,0.1111111111111111,0.1111111111111111,0.25
0.1,1337,5,5,BruteForce,True,0.5917642941226843,0.25,0.1111111111111111,0.17647058823529413
0.1,1337,5,6,DDoS,True,0.6286734025225285,0.1111111111111111,0.25,0.5384615384615384
0.1,1337,5,7,DDoS,True,0.6294976666751115,0.25,0.3333333333333333,0.42857142857142855
0.1,1337,5,8,DoS,False,0.6280460115256128,0.42857142857142855,0.42857142857142855,0.5384615384615384
0.1,1337,5,9,DoS,False,0.3495163714306281,0.1111111111111111,0.17647058823529413,0.42857142857142855
0.1,1337,5,10,PortScan,True,0.16563413782669317,0.0,0.17647058823529413,0.25
0.1,1337,5,11,PortScan,True,0.5466613999174046,0.1111111111111111,0.1111111111111111,0.25
0.1,1337,5,12,WebAttack,True,0.5816883589099238,0.25,0.3333333333333333,0.3333333333333333
0.1,1337,5,13,WebAttack,True,0.5865170704054776,0.25,0.25,0.3793103448275862
0.1,1337,6,0,Benign,True,0.5291842241523946,0.1111111111111111,0.17647058823529413,0.42857142857142855
0.1,1337,6,1,Benign,True,0.6109459279744891,0.42857142857142855,0.3333333333333333,0.3793103448275862
0.1,1337,6,2,Bot,True,0.6321941545733024,0.1111111111111111,0.17647058823529413,0.3333333333333333
0.1,1337,6,3,Bot,True,0.5531157494830025,0.1111111111111111,0.17647058823529413,0.2903225806451613
0.1,1337,6,4,BruteForce,False,0.49632851193762473,0.1111111111111111,0.25,0.21212121212121213
0.1,1337,6,5,BruteForce,False,0.4889865143978525,0.1111111111111111,0.25,0.25
0.1,1337,6,6,DDoS,True,0.5176844974435135,0.1111111111111111,0.3333333333333333,0.3333333333333333
0.1,1337,6,7,DDoS,True,0.44679885300432065,0.25,0.3333333333333333,0.2903225806451613
0.1,1337,6,8,DoS,False,0.4759535212975682,0.42857142857142855,0.17647058823529413,0.2903225806451613
0.1,1337,6,9,DoS,False,0.5122916365295529,0.1111111111111111,0.17647058823529413,0.21212121212121213
0.1,1337,6,10,PortScan,True,0.6126726257980439,0.1111111111111111,0.25,0.5384615384615384
0.1,1337,6,11,PortScan,True,0.5575691384447152,0.42857142857142855,0.3333333333333333,0.2903225806451613
0.1,1337,6,12,WebAttack,True,0.4513594856846927,0.1111111111111111,0.3333333333333333,0.2903225806451613
0.1,1337,6,13,WebAttack,True,0.41693955978197617,0.1111111111111111,0.3333333333333333,0.2903225806451613
0.1,1337,7,0,Benign,True,0.5971572718573525,0.1111111111111111,0.42857142857142855,0.42857142857142855
0.1,1337,7,1,Benign,True,0.6980183989968614,0.42857142857142855,0.5384615384615384,0.5384615384615384
0.1,1337,7,2,Bot,True,0.6913153594301533,0.25,0.17647058823529413,0.3793103448275862
0.1,1337,7,3,Bot,True,0.6026061019240063,0.42857142857142855,0.25,0.3333333333333333
0.1,1337,7,4,BruteForce,False,0.3158192388564877,0.1111111111111111,0.1111111111111111,0.3793103448275862
0.1,1337,7,5,BruteForce,False,0.31954860801752377,0.1111111111111111,0.25,0.42857142857142855
0.1,1337,7,6,DDoS,True,0.6111773404064542,0.25,0.5384615384615384,0.48148148148148145
0.1,1337,7,7,DDoS,True,0.5728176134769811,0.42857142857142855,0.5384615384615384,0.42857142857142855
0.1,1337,7,8,DoS,True,0.5874932215868051,0.25,0.3333333333333333,0.48148148148148145
0.1,1337,7,9,DoS,True,0.5297607975444278,0.25,0.25,0.2903225806451613
0.1,1337,7,10,PortScan,False,0.5337932271971714,0.25,0.5384615384615384,0.3793103448275862
0.1,1337,7,11,PortScan,False,0.564179077057448,0.42857142857142855,0.42857142857142855,0.48148148148148145
0.1,1337,7,12,WebAttack,False,0.5682090341203212,0.42857142857142855,0.42857142857142855,0.3333333333333333
0.1,1337,7,13,WebAttack,False,0.5706535522864614,0.42857142857142855,0.42857142857142855,0.3333333333333333
0.1,1337,8,0,Benign,False,0.3508424269388304,0.1111111111111111,0.25,0.48148148148148145
0.1,1337,8,1,Benign,False,0.2690699017980118,0.1111111111111111,0.25,0.42857142857142855
0.1,1337,8,2,Bot,False,0.6410732555995735,0.42857142857142855,0.3333333333333333,0.3793103448275862
0.1,1337,8,3,Bot,False,0.5723091548341865,0.25,0.3333333333333333,0.3333333333333333
0.1,1337,8,4,BruteForce,False,0.38634824090294717,0.25,0.17647058823529413,0.21212121212121213
0.1,1337,8,5,BruteForce,False,0.3807260527503675,0.25,0.1111111111111111,0.25
0.1,1337,8,6,DDoS,False,0.607272980463226,0.25,0.25,0.3793103448275862
0.1,1337,8,7,DDoS,False,0.5185506044486489,0.1111111111111111,0.25,0.48148148148148145
0.1,1337,8,8,DoS,False,0.6156055401830095,0.25,0.42857142857142855,0.6
0.1,1337,8,9,DoS,False,0.366295247769992,0.1111111111111111,0.17647058823529413,0.42857142857142855
0.1,1337,8,10,PortScan,True,0.18149150621134735,0.42857142857142855,0.5384615384615384,0.48148148148148145
0.1,1337,8,11,PortScan,True,0.769860079126452,0.42857142857142855,0.42857142857142855,0.42857142857142855
0.1,1337,8,12,WebAttack,False,0.6950904103501125,0.1111111111111111,0.25,0.42857142857142855
0.1,1337,8,13,WebAttack,False,0.7066477203329202,0.1111111111111111,0.17647058823529413,0.42857142857142855
0.1,1337,9,0,Benign,True,0.5786979969371828,0.1111111111111111,0.3333333333333333,0.48148148148148145
0.1,1337,9,1,Benign,True,0.7000163335575107,0.25,0.25,0.48148148148148145
0.1,1337,9,2,Bot,True,0.6972580969627036,0.25,0.42857142857142855,0.42857142857142855
0.1,1337,9,3,Bot,True,0.6623575570547249,0.42857142857142855,0.3333333333333333,0.48148148148148145
0.1,1337,9,4,BruteForce,True,0.3645598672316075,0.25,0.3333333333333333,0.3333333333333333
0.1,1337,9,5,BruteForce,True,0.3738351704558988,0.25,0.3333333333333333,0.3793103448275862
0.1,1337,9,6,DDoS,True,0.7547359921196006,0.25,0.6666666666666666,0.6666666666666666
0.1,1337,9,7,DDoS,True,0.7346419155136494,0.42857142857142855,0.5384615384615384,0.6
0.1,1337,9,8,DoS,True,0.5293268719206767,0.42857142857142855,0.25,0.3793103448275862
0.1,1337,9,9,DoS,True,0.5824940838587863,0.1111111111111111,0.25,0.42857142857142855
0.1,1337,9,10,PortScan,True,0.7389003379738922,0.6666666666666666,0.6666666666666666,0.48148148148148145
0.1,1337,9,11,PortScan,True,0.739396945789351,0.6666666666666666,0.5384615384615384,0.6
0.1,1337,9,12,WebAttack,False,0.5633091401445163,0.42857142857142855,0.5384615384615384,0.2903225806451613
0.1,1337,9,13,WebAttack,False,0.5253443611615551,0.42857142857142855,0.5384615384615384,0.25
0.1,2024,0,0,Benign,True,0.21618976725961042,0.0,0.17647058823529413,0.25
0.1,2024,0,1,Benign,True,0.5547626268363377,0.25,0.42857142857142855,0.42857142857142855
0.1,2024,0,2,Bot,False,0.7123582176159567,0.42857142857142855,0.42857142857142855,0.5384615384615384
0.1,2024,0,3,Bot,False,0.6617613420439878,0.42857142857142855,0.42857142857142855,0.48148148148148145
0.1,2024,0,4,BruteForce,False,0.6540121753708336,0.25,0.3333333333333333,0.42857142857142855
0.1,2024,0,5,BruteForce,False,0.6340656318056478,0.25,0.3333333333333333,0.42857142857142855
0.1,2024,0,6,DDoS,True,0.5769172184719082,0.25,0.25,0.3333333333333333
0.1,2024,0,7,DDoS,True,0.4653269989868892,0.1111111111111111,0.25,0.25
0.1,2024,0,8,DoS,True,0.6975952894564044,0.25,0.3333333333333333,0.3793103448275862
0.1,2024,0,9,DoS,True,0.4910025787223695,0.42857142857142855,0.3333333333333333,0.3793103448275862
0.1,2024,0,10,PortScan,True,0.3175830209910992,0.25,0.17647058823529413,0.3793103448275862
0.1,2024,0,11,PortScan,True,0.3624112892196919,0.25,0.25,0.3793103448275862
0.1,2024,0,12,WebAttack,False,-0.16682542962643626,0.25,0.25,0.25
0.1,2024,0,13,WebAttack,False,-0.17481718069659802,0.25,0.25,0.2903225806451613
0.1,2024,1,0,Benign,True,0.5779924962930425,0.1111111111111111,0.1111111111111111,0.3333333333333333
0.1,2024,1,1,Benign,True,0.8670711213581956,0.6666666666666666,0.6666666666666666,0.7391304347826086
0.1,2024,1,2,Bot,False,0.8256225607127086,0.6666666666666666,0.5384615384615384,0.6
0.1,2024,1,3,Bot,False,0.8090322865858968,0.42857142857142855,0.5384615384615384,0.5384615384615384
0.1,2024,1,4,BruteForce,True,0.7250874795971228,0.42857142857142855,0.5384615384615384,0.48148148148148145
0.1,2024,1,5,BruteForce,True,0.7216156228452444,0.42857142857142855,0.5384615384615384,0.48148148148148145
0.1,2024,1,6,DDoS,True,0.7570963527084373,0.42857142857142855,0.5384615384615384,0.5384615384615384
0.1,2024,1,7,DDoS,True,0.7157387177687862,0.6666666666666666,0.6666666666666666,0.3793103448275862
0.1,2024,1,8,DoS,True,0.7883973038192555,0.42857142857142855,0.5384615384615384,0.6666666666666666
0.1,2024,1,9,DoS,True,0.7454690755010662,0.42857142857142855,0.42857142857142855,0.5384615384615384
0.1,2024,1,10,PortScan,False,0.6905072883594829,0.42857142857142855,0.5384615384615384,0.42857142857142855
0.1,2024,1,11,PortScan,False,0.7815325557597762,0.25,0.5384615384615384,0.6666666666666666
0.1,2024,1,12,WebAttack,False,0.4769162207096686,0.42857142857142855,0.3333333333333333,0.3333333333333333
0.1,2024,1,13,WebAttack,False,0.5453632420444849,0.25,0.3333333333333333,0.3333333333333333
0.1,2024,2,0,Benign,True,0.45390220983494245,0.1111111111111111,0.17647058823529413,0.3793103448275862
0.1,2024,2,1,Benign,True,0.5718461116668417,0.25,0.3333333333333333,0.42857142857142855
0.1,2024,2,2,Bot,False,0.4769379183643274,0.42857142857142855,0.3333333333333333,0.48148148148148145
0.1,2024,2,3,Bot,False,0.5602434573582213,0.25,0.5384615384615384,0.3793103448275862
0.1,2024,2,4,BruteForce,False,0.3637121089445874,0.1111111111111111,0.1111111111111111,0.2903225806451613
0.1,2024,2,5,BruteForce,False,0.41048013373317177,0.1111111111111111,0.1111111111111111,0.2903225806451613
0.1,2024,2,6,DDoS,True,0.5766091418374861,0.1111111111111111,0.3333333333333333,0.3793103448275862
0.1,2024,2,7,DDoS,True,0.6349498990170231,0.1111111111111111,0.42857142857142855,0.3793103448275862
0.1,2024,2,8,DoS,True,0.5993212009627142,0.25,0.17647058823529413,0.42857142857142855
0.1,2024,2,9,DoS,True,0.528066578995986,0.25,0.42857142857142855,0.42857142857142855
0.1,2024,2,10,PortScan,True,0.541250665151378,0.42857142857142855,0.17647058823529413,0.3793103448275862
0.1,2024,2,11,PortScan,True,0.3626632405746969,0.0,0.25,0.3333333333333333
0.1,2024,2,12,WebAttack,True,0.2744875618439798,0.0,0.25,0.48148148148148145
0.1,2024,2,13,WebAttack,True,0.24893121285194217,0.1111111111111111,0.25,0.42857142857142855
0.1,2024,3,0,Benign,True,0.08998740447348358,0.0,0.1111111111111111,0.2903225806451613
0.1,2024,3,1,Benign,True,0.5643073170905119,0.25,0.3333333333333333,0.2903225806451613
0.1,2024,3,2,Bot,False,0.41878433914868635,0.1111111111111111,0.1111111111111111,0.2903225806451613
0.1,2024,3,3,Bot,False,0.4598464114139499,0.1111111111111111,0.25,0.3793103448275862
0.1,2024,3,4,BruteForce,True,0.29674008671469215,0.1111111111111111,0.05263157894736842,0.17647058823529413
0.1,2024,3,5,BruteForce,True,0.33999854234036375,0.1111111111111111,0.05263157894736842,0.17647058823529413
0.1,2024,3,6,DDoS,False,0.3445073045835431,0.1111111111111111,0.25,0.2903225806451613
0.1,2024,3,7,DDoS,False,0.5456482155107516,0.1111111111111111,0.1111111111111111,0.2903225806451613
0.1,2024,3,8,DoS,False,0.4617877894522018,0.25,0.3333333333333333,0.3793103448275862
0.1,2024,3,9,DoS,False,0.3335688949891961,0.25,0.42857142857142855,0.5384615384615384
0.1,2024,3,10,PortScan,True,0.33811439269970434,0.0,0.17647058823529413,0.21212121212121213
0.1,2024,3,11,PortScan,True,0.21769146365553455,0.0,0.17647058823529413,0.3793103448275862
0.1,2024,3,12,WebAttack,False,-0.2245707852123052,0.1111111111111111,0.17647058823529413,0.25
0.1,2024,3,13,WebAttack,False,-0.21860653837269003,0.1111111111111111,0.1111111111111111,0.25
0.1,2024,4,0,Benign,True,0.46137056243587,0.1111111111111111,0.3333333333333333,0.2903225806451613
0.1,2024,4,1,Benign,True,0.672815382127983,0.25,0.42857142857142855,0.48148148148148145
0.1,2024,4,2,Bot,True,0.5669446797632764,0.42857142857142855,0.5384615384615384,0.48148148148148145
0.1,2024,4,3,Bot,True,0.33353105467925165,0.25,0.25,0.25
0.1,2024,4,4,BruteForce,False,0.5860674385266071,0.6666666666666666,0.3333333333333333,0.42857142857142855
0.1,2024,4,5,BruteForce,False,0.623872917824833,0.6666666666666666,0.3333333333333333,0.42857142857142855
0.1,2024,4,6,DDoS,True,0.6006440987789536,0.1111111111111111,0.25,0.3333333333333333
0.1,2024,4,7,DDoS,True,0.5505618285246051,0.1111111111111111,0.3333333333333333,0.3793103448275862
0.1,2024,4,8,DoS,True,0.678341760222994,0.6666666666666666,0.42857142857142855,0.5384615384615384
0.1,2024,4,9,DoS,True,0.5709506999564941,0.25,0.25,0.48148148148148145
0.1,2024,4,10,PortScan,True,0.6215405302638568,0.42857142857142855,0.3333333333333333,0.3333333333333333
0.1,2024,4,11,PortScan,True,0.0005271513993393012,0.25,0.42857142857142855,0.3793103448275862
0.1,2024,4,12,WebAttack,True,0.3155373672285099,0.42857142857142855,0.25,0.2903225806451613
0.1,2024,4,13,WebAttack,True,0.34531514163909116,0.25,0.17647058823529413,0.25
0.1,2024,5,0,Benign,True,0.38367258432078755,0.0,0.05263157894736842,0.3333333333333333
0.1,2024,5,1,Benign,True,0.41313875981043974,0.1111111111111111,0.25,0.3793103448275862
0.1,2024,5,2,Bot,True,0.29992954488600954,0.25,0.25,0.2903225806451613
0.1,2024,5,3,Bot,True,0.3640010663901273,0.25,0.3333333333333333,0.3793103448275862
0.1,2024,5,4,BruteForce,False,0.20000611147801062,0.0,0.17647058823529413,0.17647058823529413
0.1,2024,5,5,BruteForce,False,0.2519760522183232,0.0,0.17647058823529413,0.17647058823529413
0.1,2024,5,6,DDoS,False,0.4483256455606168,0.1111111111111111,0.1111111111111111,0.3333333333333333
0.1,2024,5,7,DDoS,False,0.5116241628817386,0.1111111111111111,0.05263157894736842,0.3333333333333333
0.1,2024,5,8,DoS,True,0.4366979453277866,0.0,0.05263157894736842,0.3333333333333333
0.1,2024,5,9,DoS,True,0.29127258592287497,0.1111111111111111,0.17647058823529413,0.3793103448275862
0.1,2024,5,10,PortScan,True,0.41755368867256254,0.25,0.17647058823529413,0.21212121212121213
0.1,2024,5,11,PortScan,True,0.49639581022514645,0.0,0.3333333333333333,0.3333333333333333
0.1,2024,5,12,WebAttack,False,0.29007925670625967,0.1111111111111111,0.3333333333333333,0.3333333333333333
0.1,2024,5,13,WebAttack,False,0.25042606143894997,0.1111111111111111,0.25,0.3333333333333333
0.1,2024,6,0,Benign,True,0.6806192945074525,0.1111111111111111,0.3333333333333333,0.48148148148148145
0.1,2024,6,1,Benign,True,0.8190470430059157,0.6666666666666666,0.5384615384615384,0.3793103448275862
0.1,2024,6,2,Bot,False,0.791254168181769,0.42857142857142855,0.5384615384615384,0.5384615384615384
0.1,2024,6,3,Bot,False,0.7356058605459656,0.42857142857142855,0.5384615384615384,0.5384615384615384
0.1,2024,6,4,BruteForce,True,0.824394284759036,0.25,0.5384615384615384,0.42857142857142855
0.1,2024,6,5,BruteForce,True,0.8194543995304477,0.25,0.5384615384615384,0.48148148148148145
0.1,2024,6,6,DDoS,True,0.8282900508342901,0.6666666666666666,0.5384615384615384,0.5384615384615384
0.1,2024,6,7,DDoS,True,0.816765721460899,1.0,0.42857142857142855,0.48148148148148145
0.1,2024,6,8,DoS,True,0.741984532280233,0.42857142857142855,0.6666666666666666,0.48148148148148145
0.1,2024,6,9,DoS,True,0.7733530366456944,0.42857142857142855,0.5384615384615384,0.6666666666666666
0.1,2024,6,10,PortScan,False,0.628721891643409,0.25,0.17647058823529413,0.3333333333333333
0.1,2024,6,11,PortScan,False,0.7637008992438756,0.25,0.42857142857142855,0.6
0.1,2024,6,12,WebAttack,False,0.5444814184299549,0.25,0.3333333333333333,0.3793103448275862
0.1,2024,6,13,WebAttack,False,0.5450836975333393,0.25,0.3333333333333333,0.48148148148148145
0.1,2024,7,0,Benign,True,0.4122440529614618,0.0,0.25,0.3333333333333333
0.1,2024,7,1,Benign,True,0.8610619614626638,0.42857142857142855,0.5384615384615384,0.6666666666666666
0.1,2024,7,2,Bot,True,0.7237929014405198,0.25,0.42857142857142855,0.5384615384615384
0.1,2024,7,3,Bot,True,0.7730506701262669,0.42857142857142855,0.3333333333333333,0.5384615384615384
0.1,2024,7,4,BruteForce,True,0.6890430112242831,0.42857142857142855,0.25,0.42857142857142855
0.1,2024,7,5,BruteForce,True,0.7167100307213405,0.42857142857142855,0.3333333333333333,0.48148148148148145
0.1,2024,7,6,DDoS,False,0.7599259305750369,0.6666666666666666,0.3333333333333333,0.6
0.1,2024,7,7,DDoS,False,0.6861011041309579,0.6666666666666666,0.8181818181818182,0.48148148148148145
0.1,2024,7,8,DoS,True,0.7950344181072359,0.42857142857142855,0.42857142857142855,0.6666666666666666
0.1,2024,7,9,DoS,True,0.7032323790740024,0.42857142857142855,0.42857142857142855,0.48148148148148145
0.1,2024,7,10,PortScan,False,0.5665505198297638,0.42857142857142855,0.3333333333333333,0.3793103448275862
0.1,2024,7,11,PortScan,False,0.7444540853714992,0.42857142857142855,0.6666666666666666,0.5384615384615384
0.1,2024,7,12,WebAttack,True,0.29345358910831226,0.42857142857142855,0.3333333333333333,0.2903225806451613
0.1,2024,7,13,WebAttack,True,0.34206997344962675,0.25,0.3333333333333333,0.3333333333333333
0.1,2024,8,0,Benign,True,0.30306491029515464,0.1111111111111111,0.1111111111111111,0.2903225806451613
0.1,2024,8,1,Benign,True,0.7064051651165206,0.42857142857142855,0.3333333333333333,0.42857142857142855
0.1,2024,8,2,Bot,False,0.6060481620293214,0.1111111111111111,0.25,0.3793103448275862
0.1,2024,8,3,Bot,False,0.6632769135126746,0.25,0.3333333333333333,0.3793103448275862
0.1,2024,8,4,BruteForce,True,0.40580969551089585,0.25,0.25,0.3793103448275862
0.1,2024,8,5,BruteForce,True,0.4347027899216176,0.25,0.25,0.3333333333333333
0.1,2024,8,6,DDoS,False,0.5777033135850127,0.42857142857142855,0.3333333333333333,0.3793103448275862
0.1,2024,8,7,DDoS,False,0.5219182707961207,0.42857142857142855,0.42857142857142855,0.42857142857142855
0.1,2024,8,8,DoS,False,0.5599501290149802,0.42857142857142855,0.6666666666666666,0.42857142857142855
0.1,2024,8,9,DoS,False,0.6178709905968669,0.6666666666666666,0.42857142857142855,0.5384615384615384
0.1,2024,8,10,PortScan,False,0.5811038856913193,0.42857142857142855,0.3333333333333333,0.25
0.1,2024,8,11,PortScan,False,0.5586174840623238,0.42857142857142855,0.3333333333333333,0.42857142857142855
0.1,2024,8,12,WebAttack,False,0.556106471956932,0.25,0.25,0.2903225806451613
0.1,2024,8,13,WebAttack,False,0.6012878652739272,0.25,0.25,0.42857142857142855
0.1,2024,9,0,Benign,True,0.266933104433257,0.1111111111111111,0.17647058823529413,0.2903225806451613
0.1,2024,9,1,Benign,True,0.7647563299808151,0.6666666666666666,0.42857142857142855,0.3333333333333333
0.1,2024,9,2,Bot,False,0.7469209686069807,0.42857142857142855,0.25,0.3793103448275862
0.1,2024,9,3,Bot,False,0.6941709245819592,0.42857142857142855,0.25,0.3793103448275862
0.1,2024,9,4,BruteForce,True,0.6264725282850763,0.25,0.42857142857142855,0.48148148148148145
0.1,2024,9,5,BruteForce,True,0.6130371313953782,0.25,0.42857142857142855,0.3793103448275862
0.1,2024,9,6,DDoS,False,0.5279646091215864,0.1111111111111111,0.17647058823529413,0.42857142857142855
0.1,2024,9,7,DDoS,False,0.4376798670390366,0.1111111111111111,0.17647058823529413,0.2903225806451613
0.1,2024,9,8,DoS,True,0.6233323413801934,0.25,0.3333333333333333,0.42857142857142855
0.1,2024,9,9,DoS,True,0.2499853537778517,0.1111111111111111,0.3333333333333333,0.3333333333333333
0.1,2024,9,10,PortScan,False,0.40282279479195027,0.1111111111111111,0.1111111111111111,0.21212121212121213
0.1,2024,9,11,PortScan,False,0.6875614531111043,0.25,0.3333333333333333,0.3793103448275862
0.1,2024,9,12,WebAttack,False,-0.23785167032821702,0.25,0.17647058823529413,0.25
0.1,2024,9,13,WebAttack,False,-0.21941766503780924,0.1111111111111111,0.25,0.2903225806451613
0.5,42,0,0,Benign,True,0.6049188574541637,0.1111111111111111,0.5384615384615384,0.5384615384615384
0.5,42,0,1,Benign,True,0.6882131019951623,0.6666666666666666,0.6666666666666666,0.5384615384615384
0.5,42,0,2,Bot,True,0.7015593166729908,0.1111111111111111,0.25,0.48148148148148145
0.5,42,0,3,Bot,True,0.6032839372802038,0.42857142857142855,0.3333333333333333,0.48148148148148145
0.5,42,0,4,BruteForce,True,0.6659124130099436,0.42857142857142855,0.25,0.6
0.5,42,0,5,BruteForce,True,0.6691246918265742,0.42857142857142855,0.25,0.5384615384615384
0.5,42,0,6,DDoS,True,0.7970947976467995,0.42857142857142855,0.5384615384615384,0.6666666666666666
0.5,42,0,7,DDoS,True,0.7804882054486393,0.6666666666666666,0.6666666666666666,0.5384615384615384
0.5,42,0,8,DoS,True,0.7485467884331335,0.25,0.42857142857142855,0.6666666666666666
0.5,42,0,9,DoS,True,0.8096519919911975,0.42857142857142855,0.5384615384615384,0.48148148148148145
0.5,42,0,10,PortScan,True,0.7643306156937797,0.6666666666666666,0.42857142857142855,0.48148148148148145
0.5,42,0,11,PortScan,True,0.7893349333000654,0.6666666666666666,0.5384615384615384,0.7391304347826086
0.5,42,0,12,WebAttack,True,0.5811431057640595,0.42857142857142855,0.5384615384615384,0.48148148148148145
0.5,42,0,13,WebAttack,True,0.5801965897068566,0.42857142857142855,0.5384615384615384,0.3793103448275862
0.5,42,1,0,Benign,True,0.8164145687020483,0.42857142857142855,0.5384615384615384,0.7391304347826086
0.5,42,1,1,Benign,True,0.7847412335062423,0.42857142857142855,0.42857142857142855,0.42857142857142855
0.5,42,1,2,Bot,False,0.8331248285931595,0.42857142857142855,0.5384615384615384,0.6666666666666666
0.5,42,1,3,Bot,False,0.7881193963980857,0.42857142857142855,0.6666666666666666,0.6666666666666666
0.5,42,1,4,BruteForce,True,0.8591891562519636,0.6666666666666666,0.5384615384615384,0.7391304347826086
0.5,42,1,5,BruteForce,True,0.8423579375422792,0.6666666666666666,0.5384615384615384,0.6666666666666666
0.5,42,1,6,DDoS,True,0.873701211145744,1.0,1.0,0.9047619047619048
0.5,42,1,7,DDoS,True,0.8873997063373694,1.0,0.6666666666666666,0.7391304347826086
0.5,42,1,8,DoS,True,0.8496028732574079,0.6666666666666666,0.5384615384615384,0.7391304347826086
0.5,42,1,9,DoS,True,0.8756320716900438,0.42857142857142855,0.6666666666666666,0.8181818181818182
0.5,42,1,10,PortScan,True,0.7868031899093102,0.42857142857142855,0.6666666666666666,0.5384615384615384
0.5,42,1,11,PortScan,True,0.7951199191096494,1.0,0.5384615384615384,0.42857142857142855
0.5,42,1,12,WebAttack,True,0.7394650355594068,0.6666666666666666,0.8181818181818182,0.48148148148148145
0.5,42,1,13,WebAttack,True,0.7528505109012529,0.6666666666666666,0.6666666666666666,0.48148148148148145
0.5,42,2,0,Benign,True,0.8403917343571858,0.6666666666666666,0.6666666666666666,0.6
0.5,42,2,1,Benign,True,0.8720461731058933,1.0,0.5384615384615384,0.9047619047619048
0.5,42,2,2,Bot,True,0.7953527821935624,0.25,0.5384615384615384,0.6
0.5,42,2,3,Bot,True,0.7725559441146164,0.25,0.42857142857142855,0.7391304347826086
0.5,42,2,4,BruteForce,True,0.8673394005462849,0.6666666666666666,0.42857142857142855,0.7391304347826086
0.5,42,2,5,BruteForce,True,0.8301902948485376,0.6666666666666666,0.42857142857142855,0.7391304347826086
0.5,42,2,6,DDoS,True,0.8790078313665615,0.42857142857142855,1.0,0.9047619047619048
0.5,42,2,7,DDoS,True,0.8878437121413982,0.6666666666666666,0.5384615384615384,0.8181818181818182
0.5,42,2,8,DoS,True,0.8638547805773047,0.6666666666666666,0.5384615384615384,0.8181818181818182
0.5,42,2,9,DoS,True,0.9022418760748963,0.42857142857142855,0.8181818181818182,0.8181818181818182
0.5,42,2,10,PortScan,True,0.8970179338182387,0.42857142857142855,0.6666666666666666,0.6666666666666666
0.5,42,2,11,PortScan,True,0.6952969825219225,0.6666666666666666,0.5384615384615384,0.6
0.5,42,2,12,WebAttack,True,0.5931580867466713,0.42857142857142855,0.5384615384615384,0.7391304347826086
0.5,42,2,13,WebAttack,True,0.5950482541504638,0.6666666666666666,0.5384615384615384,0.6666666666666666
0.5,42,3,0,Benign,True,0.4842498260706475,0.1111111111111111,0.25,0.3333333333333333
0.5,42,3,1,Benign,True,0.6879760828330317,0.6666666666666666,0.42857142857142855,0.3793103448275862
0.5,42,3,2,Bot,True,0.6189795972685941,0.25,0.25,0.25
0.5,42,3,3,Bot,True,0.4424402544282279,0.1111111111111111,0.25,0.3333333333333333
0.5,42,3,4,BruteForce,True,0.49737571430442085,0.25,0.17647058823529413,0.5384615384615384
0.5,42,3,5,BruteForce,True,0.49728059087784304,0.25,0.17647058823529413,0.48148148148148145
0.5,42,3,6,DDoS,True,0.7003006705314512,0.25,0.8181818181818182,0.5384615384615384
0.5,42,3,7,DDoS,True,0.6369811217830657,0.42857142857142855,0.5384615384615384,0.48148148148148145
0.5,42,3,8,DoS,True,0.7130875460523294,0.42857142857142855,0.3333333333333333,0.48148148148148145
0.5,42,3,9,DoS,True,0.6702101332854952,0.42857142857142855,0.3333333333333333,0.48148148148148145
0.5,42,3,10,PortScan,True,0.6939911476378879,0.6666666666666666,0.42857142857142855,0.3333333333333333
0.5,42,3,11,PortScan,True,0.7286312347950978,0.6666666666666666,0.3333333333333333,0.42857142857142855
0.5,42,3,12,WebAttack,True,0.6128018381995466,0.42857142857142855,0.42857142857142855,0.2903225806451613
0.5,42,3,13,WebAttack,True,0.6403928500470359,0.42857142857142855,0.42857142857142855,0.2903225806451613
0.5,42,4,0,Benign,True,0.8013415754417931,0.6666666666666666,0.6666666666666666,0.6
0.5,42,4,1,Benign,True,0.8394631251906273,1.0,0.6666666666666666,0.6666666666666666
0.5,42,4,2,Bot,True,0.736617161932791,0.42857142857142855,0.3333333333333333,0.42857142857142855
0.5,42,4,3,Bot,True,0.7820930206611392,0.42857142857142855,0.42857142857142855,0.6666666666666666
0.5,42,4,4,BruteForce,True,0.8593679294602694,0.6666666666666666,0.6666666666666666,0.7391304347826086
0.5,42,4,5,BruteForce,True,0.8421967599176123,0.6666666666666666,0.6666666666666666,0.7391304347826086
0.5,42,4,6,DDoS,True,0.8983523380917717,0.42857142857142855,0.5384615384615384,0.8181818181818182
0.5,42,4,7,DDoS,True,0.8760965579624908,0.42857142857142855,0.6666666666666666,0.7391304347826086
0.5,42,4,8,DoS,True,0.8749797267007062,0.6666666666666666,0.6666666666666666,0.8181818181818182
0.5,42,4,9,DoS,True,0.8941959374793969,1.0,0.6666666666666666,0.8181818181818182
0.5,42,4,10,PortScan,True,0.8427637184296262,0.6666666666666666,0.8181818181818182,0.6
0.5,42,4,11,PortScan,True,0.8785692357701271,1.0,0.5384615384615384,0.6
0.5,42,4,12,WebAttack,True,0.7747967784916552,0.6666666666666666,0.6666666666666666,0.7391304347826086
0.5,42,4,13,WebAttack,True,0.7835323581349798,0.6666666666666666,0.6666666666666666,0.6
0.5,42,5,0,Benign,False,0.38522465528267924,0.25,0.1111111111111111,0.21212121212121213
0.5,42,5,1,Benign,False,0.6432030448889685,0.25,0.3333333333333333,0.2903225806451613
0.5,42,5,2,Bot,True,0.6976488234596692,0.42857142857142855,0.5384615384615384,0.3793103448275862
0.5,42,5,3,Bot,True,0.6116346679384159,0.1111111111111111,0.42857142857142855,0.5384615384615384
0.5,42,5,4,BruteForce,True,0.42722820735104994,0.25,0.17647058823529413,0.3793103448275862
0.5,42,5,5,BruteForce,True,0.43933039020327114,0.25,0.17647058823529413,0.3333333333333333
0.5,42,5,6,DDoS,True,0.6214756340413705,0.25,0.5384615384615384,0.48148148148148145
0.5,42,5,7,DDoS,True,0.527880783723651,0.25,0.25,0.48148148148148145
0.5,42,5,8,DoS,True,0.6618377772647006,0.25,0.3333333333333333,0.42857142857142855
0.5,42,5,9,DoS,True,0.6539748660175541,0.25,0.3333333333333333,0.42857142857142855
0.5,42,5,10,PortScan,True,0.6801596092101058,0.42857142857142855,0.42857142857142855,0.6
0.5,42,5,11,PortScan,True,0.7376380295776346,0.6666666666666666,0.3333333333333333,0.42857142857142855
0.5,42,5,12,WebAttack,True,0.645004400917992,0.42857142857142855,0.42857142857142855,0.3793103448275862
0.5,42,5,13,WebAttack,True,0.6333874064539553,0.42857142857142855,0.42857142857142855,0.3793103448275862
0.5,42,6,0,Benign,True,0.8101582517018255,0.42857142857142855,0.5384615384615384,0.6666666666666666
0.5,42,6,1,Benign,True,0.8097611795786723,0.6666666666666666,0.42857142857142855,0.6
0.5,42,6,2,Bot,False,0.7598169948072019,0.25,0.3333333333333333,0.6
0.5,42,6,3,Bot,False,0.7629016348427533,0.42857142857142855,0.6666666666666666,0.6
0.5,42,6,4,BruteForce,True,0.859025912476594,0.6666666666666666,0.5384615384615384,0.6666666666666666
0.5,42,6,5,BruteForce,True,0.8433426574745246,0.42857142857142855,0.5384615384615384,0.6
0.5,42,6,6,DDoS,True,0.8389654234093837,0.42857142857142855,0.6666666666666666,0.8181818181818182
0.5,42,6,7,DDoS,True,0.8183203686575704,0.42857142857142855,0.5384615384615384,0.7391304347826086
0.5,42,6,8,DoS,True,0.8403307700727656,0.6666666666666666,0.5384615384615384,0.8181818181818182
0.5,42,6,9,DoS,True,0.8392020376035061,0.25,0.6666666666666666,0.6666666666666666
0.5,42,6,10,PortScan,True,0.8297114939232348,0.42857142857142855,0.6666666666666666,0.6
0.5,42,6,11,PortScan,True,0.7839334242338132,0.6666666666666666,0.42857142857142855,0.48148148148148145
0.5,42,6,12,WebAttack,True,0.7328568723294793,0.42857142857142855,0.5384615384615384,0.48148148148148145
0.5,42,6,13,WebAttack,True,0.7320465170677352,0.42857142857142855,0.5384615384615384,0.42857142857142855
0.5,42,7,0,Benign,True,0.7794426498818758,0.6666666666666666,0.6666666666666666,0.7391304347826086
0.5,42,7,1,Benign,True,0.8069202329434831,0.6666666666666666,0.6666666666666666,0.6
0.5,42,7,2,Bot,True,0.6773042452427018,0.25,0.5384615384615384,0.5384615384615384
0.5,42,7,3,Bot,True,0.7015856117946312,0.25,0.42857142857142855,0.6
0.5,42,7,4,BruteForce,False,0.8771671267205949,0.6666666666666666,0.6666666666666666,0.8181818181818182
0.5,42,7,5,BruteForce,False,0.8643003275457672,0.42857142857142855,0.6666666666666666,0.8181818181818182
0.5,42,7,6,DDoS,True,0.8512766436439814,1.0,0.8181818181818182,0.8181818181818182
0.5,42,7,7,DDoS,True,0.8390699011824401,0.6666666666666666,0.6666666666666666,0.9047619047619048
0.5,42,7,8,DoS,True,0.8462740639862487,0.42857142857142855,0.8181818181818182,0.8181818181818182
0.5,42,7,9,DoS,True,0.8545607748918548,0.42857142857142855,1.0,0.7391304347826086
0.5,42,7,10,PortScan,True,0.7801330918514522,0.6666666666666666,0.6666666666666666,0.6666666666666666
0.5,42,7,11,PortScan,True,0.7463323790631363,0.42857142857142855,0.42857142857142855,0.48148148148148145
0.5,42,7,12,WebAttack,True,0.6908231570277394,0.25,0.6666666666666666,0.3793103448275862
0.5,42,7,13,WebAttack,True,0.6789913984725839,0.25,0.6666666666666666,0.42857142857142855
0.5,42,8,0,Benign,True,0.6489926029327932,0.25,0.3333333333333333,0.48148148148148145
0.5,42,8,1,Benign,True,0.7142129241251134,1.0,0.8181818181818182,0.42857142857142855
0.5,42,8,2,Bot,True,0.700674948654177,0.42857142857142855,0.42857142857142855,0.48148148148148145
0.5,42,8,3,Bot,True,0.5697234156968244,0.42857142857142855,0.3333333333333333,0.3793103448275862
0.5,42,8,4,BruteForce,True,0.6593262184906332,0.25,0.42857142857142855,0.6
0.5,42,8,5,BruteForce,True,0.655862616345587,0.42857142857142855,0.3333333333333333,0.6
0.5,42,8,6,DDoS,True,0.7915941071690478,0.6666666666666666,0.8181818181818182,0.6
0.5,42,8,7,DDoS,True,0.8000752535134099,0.6666666666666666,0.8181818181818182,0.5384615384615384
0.5,42,8,8,DoS,True,0.7337677394077148,0.25,0.5384615384615384,0.6
0.5,42,8,9,DoS,True,0.7495191691979267,0.6666666666666666,0.6666666666666666,0.5384615384615384
0.5,42,8,10,PortScan,True,0.8089574941928575,1.0,0.5384615384615384,0.48148148148148145
0.5,42,8,11,PortScan,True,0.796366656161025,0.42857142857142855,0.42857142857142855,0.6
0.5,42,8,12,WebAttack,False,0.7519591763121714,0.6666666666666666,0.5384615384615384,0.3793103448275862
0.5,42,8,13,WebAttack,False,0.7655335921682902,0.6666666666666666,0.5384615384615384,0.3793103448275862
0.5,42,9,0,Benign,True,0.8519219295477165,0.6666666666666666,0.5384615384615384,0.6666666666666666
0.5,42,9,1,Benign,True,0.8851461719623197,0.6666666666666666,0.6666666666666666,0.6666666666666666
0.5,42,9,2,Bot,True,0.8023794502638789,0.6666666666666666,0.42857142857142855,0.5384615384615384
0.5,42,9,3,Bot,True,0.8351659908726687,0.6666666666666666,0.6666666666666666,0.6666666666666666
0.5,42,9,4,BruteForce,True,0.889721618341093,1.0,0.8181818181818182,0.6666666666666666
0.5,42,9,5,BruteForce,True,0.8775574072714982,0.6666666666666666,0.8181818181818182,0.7391304347826086
0.5,42,9,6,DDoS,True,0.8319686672675211,0.6666666666666666,0.6666666666666666,0.6666666666666666
0.5,42,9,7,DDoS,True,0.8520593094949724,0.6666666666666666,0.6666666666666666,0.6666666666666666
0.5,42,9,8,DoS,True,0.8716062794729691,1.0,0.5384615384615384,0.9047619047619048
0.5,42,9,9,DoS,True,0.8739992035877399,0.42857142857142855,0.6666666666666666,0.6666666666666666
0.5,42,9,10,PortScan,True,0.8885801412597034,0.6666666666666666,1.0,0.6
0.5,42,9,11,PortScan,True,0.8556856559563342,0.6666666666666666,0.5384615384615384,0.6
0.5,42,9,12,WebAttack,True,0.7806518188029651,0.6666666666666666,0.5384615384615384,0.7391304347826086
0.5,42,9,13,WebAttack,True,0.7782955870146147,0.6666666666666666,0.5384615384615384,0.7391304347826086
0.5,1337,0,0,Benign,True,0.806225441625332,0.6666666666666666,0.5384615384615384,0.5384615384615384
0.5,1337,0,1,Benign,True,0.8293349959755285,0.6666666666666666,0.8181818181818182,0.6666666666666666
0.5,1337,0,2,Bot,True,0.716949810846215,0.25,0.5384615384615384,0.6
0.5,1337,0,3,Bot,True,0.71327937694146,0.42857142857142855,0.5384615384615384,0.5384615384615384
0.5,1337,0,4,BruteForce,True,0.702550124103865,0.42857142857142855,0.42857142857142855,0.48148148148148145
0.5,1337,0,5,BruteForce,True,0.7396626261371869,0.42857142857142855,0.5384615384615384,0.6
0.5,1337,0,6,DDoS,True,0.7283062495156856,0.6666666666666666,0.6666666666666666,0.6666666666666666
0.5,1337,0,7,DDoS,True,0.7282281044773953,0.42857142857142855,0.5384615384615384,0.6666666666666666
0.5,1337,0,8,DoS,True,0.8313252784779244,0.42857142857142855,0.5384615384615384,0.8181818181818182
0.5,1337,0,9,DoS,True,0.8122497996085641,0.42857142857142855,0.6666666666666666,0.6666666666666666
0.5,1337,0,10,PortScan,True,0.7402280550141354,0.6666666666666666,0.8181818181818182,0.5384615384615384
0.5,1337,0,11,PortScan,True,0.8701633700461171,0.6666666666666666,0.6666666666666666,0.5384615384615384
0.5,1337,0,12,WebAttack,True,0.7612208814655066,0.6666666666666666,0.3333333333333333,0.3793103448275862
0.5,1337,0,13,WebAttack,True,0.7627156166976575,0.6666666666666666,0.3333333333333333,0.5384615384615384
0.5,1337,1,0,Benign,True,0.7250183265467012,0.25,0.42857142857142855,0.42857142857142855
0.5,1337,1,1,Benign,True,0.7653361891331878,0.6666666666666666,0.42857142857142855,0.6
0.5,1337,1,2,Bot,True,0.7818061342060776,0.25,0.5384615384615384,0.6666666666666666
0.5,1337,1,3,Bot,True,0.7262039855212868,0.42857142857142855,0.5384615384615384,0.48148148148148145
0.5,1337,1,4,BruteForce,True,0.8074438583289298,0.42857142857142855,0.3333333333333333,0.6666666666666666
0.5,1337,1,5,BruteForce,True,0.8379832841662367,0.6666666666666666,0.5384615384615384,0.6666666666666666
0.5,1337,1,6,DDoS,True,0.7988290188896803,0.42857142857142855,0.6666666666666666,0.6
0.5,1337,1,7,DDoS,True,0.7667806417701026,0.42857142857142855,0.5384615384615384,0.6
0.5,1337,1,8,DoS,True,0.8118595175044481,0.6666666666666666,0.6666666666666666,0.6
0.5,1337,1,9,DoS,True,0.834449738571508,0.42857142857142855,0.6666666666666666,0.6
0.5,1337,1,10,PortScan,True,0.7994966731552535,1.0,0.8181818181818182,0.5384615384615384
0.5,1337,1,11,PortScan,True,0.7393168580620035,0.6666666666666666,0.6666666666666666,0.5384615384615384
0.5,1337,1,12,WebAttack,False,0.8144001833130361,0.42857142857142855,0.3333333333333333,0.6
0.5,1337,1,13,WebAttack,False,0.8095307939033464,0.42857142857142855,0.3333333333333333,0.6
0.5,1337,2,0,Benign,True,0.6572773957349038,0.42857142857142855,0.42857142857142855,0.42857142857142855
0.5,1337,2,1,Benign,True,0.7449178055804997,1.0,0.6666666666666666,0.6
0.5,1337,2,2,Bot,True,0.81853580380539,0.42857142857142855,0.42857142857142855,0.7391304347826086
0.5,1337,2,3,Bot,True,0.754659175501662,0.42857142857142855,0.3333333333333333,0.48148148148148145
0.5,1337,2,4,BruteForce,False,0.7102773259609716,0.42857142857142855,0.25,0.42857142857142855
0.5,1337,2,5,BruteForce,False,0.7506610762843707,0.6666666666666666,0.25,0.5384615384615384
0.5,1337,2,6,DDoS,True,0.8185334860741996,0.42857142857142855,0.5384615384615384,0.6666666666666666
0.5,1337,2,7,DDoS,True,0.7728006708034776,0.6666666666666666,0.5384615384615384,0.5384615384615384
0.5,1337,2,8,DoS,True,0.8006103710811929,0.6666666666666666,0.42857142857142855,0.48148148148148145
0.5,1337,2,9,DoS,True,0.7784480404369225,0.42857142857142855,0.5384615384615384,0.48148148148148145
0.5,1337,2,10,PortScan,True,0.778923043258789,0.6666666666666666,0.42857142857142855,0.48148148148148145
0.5,1337,2,11,PortScan,True,0.5082566242190072,0.42857142857142855,0.5384615384615384,0.3793103448275862
0.5,1337,2,12,WebAttack,True,0.7881769135443852,0.42857142857142855,0.42857142857142855,0.6666666666666666
0.5,1337,2,13,WebAttack,True,0.7829088638385011,0.42857142857142855,0.6666666666666666,0.6
0.5,1337,3,0,Benign,True,0.7466695607931496,0.42857142857142855,0.42857142857142855,0.48148148148148145
0.5,1337,3,1,Benign,True,0.7926019861360414,0.6666666666666666,0.6666666666666666,0.7391304347826086
0.5,1337,3,2,Bot,True,0.7347417352443131,0.25,0.42857142857142855,0.5384615384615384
0.5,1337,3,3,Bot,True,0.6374782913251922,0.42857142857142855,0.5384615384615384,0.5384615384615384
0.5,1337,3,4,BruteForce,True,0.8154073763158247,0.6666666666666666,0.42857142857142855,0.6666666666666666
0.5,1337,3,5,BruteForce,True,0.8422912572883867,1.0,0.5384615384615384,0.7391304347826086
0.5,1337,3,6,DDoS,True,0.8578248437843932,0.6666666666666666,0.6666666666666666,0.6666666666666666
0.5,1337,3,7,DDoS,True,0.8337065311217906,1.0,0.6666666666666666,0.6
0.5,1337,3,8,DoS,True,0.8417457027078803,0.6666666666666666,0.42857142857142855,0.8181818181818182
0.5,1337,3,9,DoS,True,0.7881227349398132,0.42857142857142855,0.6666666666666666,0.5384615384615384
0.5,1337,3,10,PortScan,True,0.8224702217953225,1.0,0.5384615384615384,0.6
0.5,1337,3,11,PortScan,True,0.8289360033389139,0.6666666666666666,0.5384615384615384,0.5384615384615384
0.5,1337,3,12,WebAttack,False,0.811020529181466,0.42857142857142855,0.5384615384615384,0.5384615384615384
0.5,1337,3,13,WebAttack,False,0.8109122140693201,0.42857142857142855,0.5384615384615384,0.5384615384615384
0.5,1337,4,0,Benign,False,0.3856632414669121,0.25,0.25,0.3793103448275862
0.5,1337,4,1,Benign,False,0.6100626174394298,1.0,0.5384615384615384,0.42857142857142855
0.5,1337,4,2,Bot,True,0.47135003743363313,0.1111111111111111,0.3333333333333333,0.3333333333333333
0.5,1337,4,3,Bot,True,0.5098734169384302,0.1111111111111111,0.3333333333333333,0.3793103448275862
0.5,1337,4,4,BruteForce,True,0.5714382440595034,0.25,0.17647058823529413,0.42857142857142855
0.5,1337,4,5,BruteForce,True,0.54100982697466,0.25,0.17647058823529413,0.48148148148148145
0.5,1337,4,6,DDoS,True,0.6653431482698011,0.25,0.3333333333333333,0.5384615384615384
0.5,1337,4,7,DDoS,True,0.6122708652500584,0.25,0.3333333333333333,0.42857142857142855
0.5,1337,4,8,DoS,True,0.673637996986811,0.25,0.25,0.6
0.5,1337,4,9,DoS,True,0.6109164685998798,0.25,0.25,0.3793103448275862
0.5,1337,4,10,PortScan,True,0.6366865760544309,0.6666666666666666,0.5384615384615384,0.42857142857142855
0.5,1337,4,11,PortScan,True,0.5351463639747698,0.6666666666666666,0.3333333333333333,0.42857142857142855
0.5,1337,4,12,WebAttack,True,0.4608647039591616,0.42857142857142855,0.17647058823529413,0.3793103448275862
0.5,1337,4,13,WebAttack,True,0.4578756018240051,0.42857142857142855,0.17647058823529413,0.3793103448275862
0.5,1337,5,0,Benign,True,0.6847195583391765,0.25,0.42857142857142855,0.48148148148148145
0.5,1337,5,1,Benign,True,0.7747318369386745,1.0,0.8181818181818182,0.6666666666666666
0.5,1337,5,2,Bot,True,0.7473927878444842,0.25,0.6666666666666666,0.6
0.5,1337,5,3,Bot,True,0.7008302367634027,0.25,0.42857142857142855,0.5384615384615384
0.5,1337,5,4,BruteForce,True,0.7882908173358112,0.6666666666666666,0.42857142857142855,0.5384615384615384
0.5,1337,5,5,BruteForce,True,0.8214842363398681,0.6666666666666666,0.42857142857142855,0.6666666666666666
0.5,1337,5,6,DDoS,True,0.7936425767228097,0.42857142857142855,0.5384615384615384,0.7391304347826086
0.5,1337,5,7,DDoS,True,0.7782278086007388,0.6666666666666666,0.5384615384615384,0.6666666666666666
0.5,1337,5,8,DoS,True,0.7819099869568127,0.42857142857142855,0.6666666666666666,0.8181818181818182
0.5,1337,5,9,DoS,True,0.7875835440307501,0.6666666666666666,0.5384615384615384,0.5384615384615384
0.5,1337,5,10,PortScan,True,0.8184842471664827,0.6666666666666666,0.5384615384615384,0.6666666666666666
0.5,1337,5,11,PortScan,True,0.7614582595993649,1.0,0.8181818181818182,0.48148148148148145
0.5,1337,5,12,WebAttack,True,0.8100798013781096,0.42857142857142855,0.5384615384615384,0.5384615384615384
0.5,1337,5,13,WebAttack,True,0.8053567824266421,0.42857142857142855,0.5384615384615384,0.5384615384615384
0.5,1337,6,0,Benign,True,0.7994172499570125,0.6666666666666666,0.6666666666666666,0.6666666666666666
0.5,1337,6,1,Benign,True,0.8163574086466443,0.6666666666666666,0.6666666666666666,0.6
0.5,1337,6,2,Bot,True,0.8128106854117587,0.6666666666666666,0.8181818181818182,0.6
0.5,1337,6,3,Bot,True,0.7581557540189301,0.6666666666666666,0.5384615384615384,0.6
0.5,1337,6,4,BruteForce,True,0.7969520302765218,0.6666666666666666,0.5384615384615384,0.6
0.5,1337,6,5,BruteForce,True,0.8267748294839954,0.6666666666666666,0.5384615384615384,0.6
0.5,1337,6,6,DDoS,True,0.8101277508563072,0.6666666666666666,0.6666666666666666,0.6666666666666666
0.5,1337,6,7,DDoS,True,0.7827453839644312,1.0,0.5384615384615384,0.6666666666666666
0.5,1337,6,8,DoS,True,0.8366351652373456,0.42857142857142855,0.42857142857142855,0.9047619047619048
0.5,1337,6,9,DoS,True,0.806204508893449,0.42857142857142855,0.42857142857142855,0.48148148148148145
0.5,1337,6,10,PortScan,True,0.8289098188649908,0.6666666666666666,0.8181818181818182,0.6
0.5,1337,6,11,PortScan,True,0.8705388252097226,1.0,0.6666666666666666,0.8181818181818182
0.5,1337,6,12,WebAttack,True,0.7835496900691421,0.6666666666666666,0.5384615384615384,0.5384615384615384
0.5,1337,6,13,WebAttack,True,0.7938540688678661,0.6666666666666666,0.5384615384615384,0.6
0.5,1337,7,0,Benign,True,0.49251241874083024,0.1111111111111111,0.25,0.3793103448275862
0.5,1337,7,1,Benign,True,0.5206523754171417,0.1111111111111111,0.42857142857142855,0.42857142857142855
0.5,1337,7,2,Bot,True,0.38538484636578824,0.1111111111111111,0.25,0.42857142857142855
0.5,1337,7,3,Bot,True,0.44316668547978216,0.1111111111111111,0.25,0.3333333333333333
0.5,1337,7,4,BruteForce,False,0.5536050668063177,0.42857142857142855,0.25,0.2903225806451613
0.5,1337,7,5,BruteForce,False,0.5907012898657628,0.42857142857142855,0.3333333333333333,0.3333333333333333
0.5,1337,7,6,DDoS,True,0.6273688171771294,0.1111111111111111,0.42857142857142855,0.42857142857142855
0.5,1337,7,7,DDoS,True,0.5568620738813205,0.25,0.42857142857142855,0.42857142857142855
0.5,1337,7,8,DoS,True,0.6356999100303382,0.25,0.25,0.42857142857142855
0.5,1337,7,9,DoS,True,0.5178191560879808,0.25,0.17647058823529413,0.42857142857142855
0.5,1337,7,10,PortScan,True,0.7430030123949467,0.6666666666666666,0.6666666666666666,0.48148148148148145
0.5,1337,7,11,PortScan,True,0.515102527708232,0.6666666666666666,0.42857142857142855,0.3793103448275862
0.5,1337,7,12,WebAttack,True,0.24749040607300032,0.1111111111111111,0.25,0.42857142857142855
0.5,1337,7,13,WebAttack,True,0.23674548556520136,0.1111111111111111,0.3333333333333333,0.42857142857142855
0.5,1337,8,0,Benign,True,0.778053670640521,0.42857142857142855,0.5384615384615384,0.6
0.5,1337,8,1,Benign,True,0.7582008720349338,0.6666666666666666,0.6666666666666666,0.7391304347826086
0.5,1337,8,2,Bot,True,0.8065789194665522,0.25,0.5384615384615384,0.6
0.5,1337,8,3,Bot,True,0.7949490961697828,0.6666666666666666,0.42857142857142855,0.6
0.5,1337,8,4,BruteForce,True,0.7957394239742158,0.42857142857142855,0.5384615384615384,0.6
0.5,1337,8,5,BruteForce,True,0.8260620814514533,0.6666666666666666,0.5384615384615384,0.6
0.5,1337,8,6,DDoS,True,0.8402182230781869,0.6666666666666666,0.8181818181818182,0.6666666666666666
0.5,1337,8,7,DDoS,True,0.8275870555034981,0.42857142857142855,0.5384615384615384,0.6
0.5,1337,8,8,DoS,True,0.8504663007428728,0.6666666666666666,0.6666666666666666,0.8181818181818182
0.5,1337,8,9,DoS,True,0.8534608375690069,0.42857142857142855,0.5384615384615384,0.7391304347826086
0.5,1337,8,10,PortScan,True,0.8158724312618495,0.6666666666666666,0.6666666666666666,0.5384615384615384
0.5,1337,8,11,PortScan,True,0.8373884792857635,0.6666666666666666,0.5384615384615384,0.5384615384615384
0.5,1337,8,12,WebAttack,True,0.6951944389404663,0.25,0.42857142857142855,0.5384615384615384
0.5,1337,8,13,WebAttack,True,0.6381562466422004,0.25,0.42857142857142855,0.48148148148148145
0.5,1337,9,0,Benign,True,0.7738666291514816,0.25,0.5384615384615384,0.6666666666666666
0.5,1337,9,1,Benign,True,0.8339156025957362,0.6666666666666666,0.6666666666666666,0.8181818181818182
0.5,1337,9,2,Bot,True,0.7640600663493053,0.42857142857142855,0.5384615384615384,0.6
0.5,1337,9,3,Bot,True,0.7609822433693982,0.6666666666666666,0.42857142857142855,0.42857142857142855
0.5,1337,9,4,BruteForce,True,0.6950021016549395,0.42857142857142855,0.3333333333333333,0.5384615384615384
0.5,1337,9,5,BruteForce,True,0.7181777332419366,0.42857142857142855,0.3333333333333333,0.5384615384615384
0.5,1337,9,6,DDoS,True,0.774383786217672,0.6666666666666666,0.5384615384615384,0.6666666666666666
0.5,1337,9,7,DDoS,True,0.7729192929610209,0.42857142857142855,0.42857142857142855,0.6
0.5,1337,9,8,DoS,True,0.7953313022515534,0.42857142857142855,0.5384615384615384,0.6666666666666666
0.5,1337,9,9,DoS,True,0.8142446506352432,0.42857142857142855,0.8181818181818182,0.7391304347826086
0.5,1337,9,10,PortScan,True,0.7974420602877915,0.42857142857142855,0.6666666666666666,0.5384615384615384
0.5,1337,9,11,PortScan,True,0.809048159836011,0.6666666666666666,0.42857142857142855,0.6
0.5,1337,9,12,WebAttack,True,0.6094341878366811,0.25,0.42857142857142855,0.48148148148148145
0.5,1337,9,13,WebAttack,True,0.5649117834300853,0.25,0.5384615384615384,0.5384615384615384
0.5,2024,0,0,Benign,True,0.7269669211479136,0.42857142857142855,0.5384615384615384,0.5384615384615384
0.5,2024,0,1,Benign,True,0.7428597052330344,1.0,0.8181818181818182,0.6666666666666666
0.5,2024,0,2,Bot,True,0.6211695982310277,0.25,0.5384615384615384,0.5384615384615384
0.5,2024,0,3,Bot,True,0.7352910973534474,0.25,0.42857142857142855,0.6
0.5,2024,0,4,BruteForce,False,0.8451493286368368,0.6666666666666666,0.6666666666666666,0.7391304347826086
0.5,2024,0,5,BruteForce,False,0.8191607492826363,0.6666666666666666,0.6666666666666666,0.6666666666666666
0.5,2024,0,6,DDoS,True,0.7210436307483234,0.1111111111111111,0.6666666666666666,0.6666666666666666
0.5,2024,0,7,DDoS,True,0.7845854645706114,0.25,0.6666666666666666,0.6666666666666666
0.5,2024,0,8,DoS,True,0.7756356113336383,0.42857142857142855,0.6666666666666666,0.6666666666666666
0.5,2024,0,9,DoS,True,0.8222269687754401,0.6666666666666666,0.42857142857142855,0.7391304347826086
0.5,2024,0,10,PortScan,True,0.764437563152345,0.6666666666666666,0.42857142857142855,0.5384615384615384
0.5,2024,0,11,PortScan,True,0.7254068910353848,0.6666666666666666,0.6666666666666666,0.5384615384615384
0.5,2024,0,12,WebAttack,False,0.7249885995560548,0.42857142857142855,0.5384615384615384,0.6
0.5,2024,0,13,WebAttack,False,0.7568964436699559,0.6666666666666666,0.5384615384615384,0.6
0.5,2024,1,0,Benign,True,0.7807832796837106,0.42857142857142855,0.6666666666666666,0.5384615384615384
0.5,2024,1,1,Benign,True,0.7405062641516731,0.6666666666666666,0.5384615384615384,0.5384615384615384
0.5,2024,1,2,Bot,True,0.7835440197914766,0.42857142857142855,0.6666666666666666,0.6
0.5,2024,1,3,Bot,True,0.6396834391560416,0.42857142857142855,0.42857142857142855,0.5384615384615384
0.5,2024,1,4,BruteForce,True,0.7981254828896617,0.6666666666666666,0.5384615384615384,0.6666666666666666
0.5,2024,1,5,BruteForce,True,0.8182292029144891,0.6666666666666666,0.5384615384615384,0.6666666666666666
0.5,2024,1,6,DDoS,True,0.8298030097772944,0.25,0.42857142857142855,0.7391304347826086
0.5,2024,1,7,DDoS,True,0.817599603120032,0.6666666666666666,0.3333333333333333,0.6
0.5,2024,1,8,DoS,True,0.8098538448099246,0.42857142857142855,0.6666666666666666,0.6
0.5,2024,1,9,DoS,True,0.8026824063720224,0.42857142857142855,0.6666666666666666,0.6
0.5,2024,1,10,PortScan,True,0.8372194020453816,0.6666666666666666,0.6666666666666666,0.6
0.5,2024,1,11,PortScan,True,0.7880076224116246,0.6666666666666666,0.6666666666666666,0.6
0.5,2024,1,12,WebAttack,True,0.8223414754928238,0.6666666666666666,0.5384615384615384,0.7391304347826086
0.5,2024,1,13,WebAttack,True,0.8196385989013161,0.42857142857142855,0.6666666666666666,0.6666666666666666
0.5,2024,2,0,Benign,True,0.7792825098867431,0.42857142857142855,0.5384615384615384,0.6
0.5,2024,2,1,Benign,True,0.7738465524288303,1.0,0.8181818181818182,0.6666666666666666
0.5,2024,2,2,Bot,True,0.7728457451007145,0.42857142857142855,0.6666666666666666,0.5384615384615384
0.5,2024,2,3,Bot,True,0.7363757086465041,0.42857142857142855,0.5384615384615384,0.5384615384615384
0.5,2024,2,4,BruteForce,True,0.739094765905275,0.6666666666666666,0.6666666666666666,0.6
0.5,2024,2,5,BruteForce,True,0.7126250829948436,0.6666666666666666,0.6666666666666666,0.6666666666666666
0.5,2024,2,6,DDoS,True,0.7938255223088335,0.42857142857142855,0.6666666666666666,0.8181818181818182
0.5,2024,2,7,DDoS,True,0.827241484133155,0.6666666666666666,0.8181818181818182,0.7391304347826086
0.5,2024,2,8,DoS,True,0.8028013100603361,0.42857142857142855,0.5384615384615384,0.6
0.5,2024,2,9,DoS,True,0.8661160215303261,0.6666666666666666,0.6666666666666666,0.7391304347826086
0.5,2024,2,10,PortScan,True,0.788781345312302,0.6666666666666666,0.6666666666666666,0.6666666666666666
0.5,2024,2,11,PortScan,True,0.7985493787816003,0.6666666666666666,0.6666666666666666,0.48148148148148145
0.5,2024,2,12,WebAttack,True,0.8471178718110024,0.42857142857142855,0.6666666666666666,0.5384615384615384
0.5,2024,2,13,WebAttack,True,0.8468855223041458,0.6666666666666666,0.8181818181818182,0.5384615384615384
0.5,2024,3,0,Benign,True,0.7610322422437337,0.42857142857142855,0.42857142857142855,0.5384615384615384
0.5,2024,3,1,Benign,True,0.7659755174474974,0.6666666666666666,0.8181818181818182,0.7391304347826086
0.5,2024,3,2,Bot,True,0.8022490912540985,0.42857142857142855,0.42857142857142855,0.5384615384615384
0.5,2024,3,3,Bot,True,0.7312543513171081,0.42857142857142855,0.42857142857142855,0.5384615384615384
0.5,2024,3,4,BruteForce,True,0.7237180936156535,0.42857142857142855,0.5384615384615384,0.48148148148148145
0.5,2024,3,5,BruteForce,True,0.6833507887243719,0.42857142857142855,0.5384615384615384,0.48148148148148145
0.5,2024,3,6,DDoS,True,0.8309499255357233,0.42857142857142855,0.6666666666666666,0.7391304347826086
0.5,2024,3,7,DDoS,True,0.8193228801248025,1.0,0.6666666666666666,0.6
0.5,2024,3,8,DoS,True,0.8086433766543513,0.42857142857142855,0.8181818181818182,0.6666666666666666
0.5,2024,3,9,DoS,True,0.8962533496792178,0.6666666666666666,0.5384615384615384,0.8181818181818182
0.5,2024,3,10,PortScan,True,0.8049395498613559,0.42857142857142855,0.5384615384615384,0.7391304347826086
0.5,2024,3,11,PortScan,True,0.7157754958148862,0.6666666666666666,0.6666666666666666,0.5384615384615384
0.5,2024,3,12,WebAttack,True,0.8021677482053268,1.0,0.5384615384615384,0.6
0.5,2024,3,13,WebAttack,True,0.8031963931300192,0.6666666666666666,0.6666666666666666,0.6
0.5,2024,4,0,Benign,True,0.7646818204736207,0.6666666666666666,0.5384615384615384,0.6
0.5,2024,4,1,Benign,True,0.7453014053342151,0.6666666666666666,0.5384615384615384,0.6
0.5,2024,4,2,Bot,True,0.8184867302244345,0.42857142857142855,0.5384615384615384,0.6666666666666666
0.5,2024,4,3,Bot,True,0.7683305633859275,0.25,0.5384615384615384,0.6
0.5,2024,4,4,BruteForce,True,0.8303477515587726,0.6666666666666666,0.6666666666666666,0.7391304347826086
0.5,2024,4,5,BruteForce,True,0.8261928580111215,0.6666666666666666,0.8181818181818182,0.8181818181818182
0.5,2024,4,6,DDoS,True,0.8208964733818243,0.25,0.42857142857142855,0.6
0.5,2024,4,7,DDoS,True,0.8044800371726956,0.42857142857142855,0.6666666666666666,0.5384615384615384
0.5,2024,4,8,DoS,True,0.8326536965994018,0.6666666666666666,1.0,0.7391304347826086
0.5,2024,4,9,DoS,True,0.8721402997771204,0.42857142857142855,0.6666666666666666,0.7391304347826086
0.5,2024,4,10,PortScan,True,0.7614078851037618,0.6666666666666666,0.5384615384615384,0.5384615384615384
0.5,2024,4,11,PortScan,True,0.7867514556204124,0.6666666666666666,0.6666666666666666,0.5384615384615384
0.5,2024,4,12,WebAttack,False,0.6640342211665247,0.42857142857142855,0.5384615384615384,0.42857142857142855
0.5,2024,4,13,WebAttack,False,0.6849196678380465,0.42857142857142855,0.5384615384615384,0.42857142857142855
0.5,2024,5,0,Benign,True,0.7848473590222085,0.42857142857142855,0.6666666666666666,0.6666666666666666
0.5,2024,5,1,Benign,True,0.7697971069563437,0.42857142857142855,0.8181818181818182,0.8181818181818182
0.5,2024,5,2,Bot,True,0.8603743857447098,1.0,0.6666666666666666,0.6666666666666666
0.5,2024,5,3,Bot,True,0.7884586871853809,0.42857142857142855,0.5384615384615384,0.6
0.5,2024,5,4,BruteForce,True,0.7858817733883505,0.42857142857142855,0.42857142857142855,0.6666666666666666
0.5,2024,5,5,BruteForce,True,0.7151470319896895,0.42857142857142855,0.42857142857142855,0.6666666666666666
0.5,2024,5,6,DDoS,True,0.7947192289501889,0.42857142857142855,0.6666666666666666,0.6
0.5,2024,5,7,DDoS,True,0.8251825695116362,0.6666666666666666,0.6666666666666666,0.6
0.5,2024,5,8,DoS,True,0.7670694535348834,0.42857142857142855,0.6666666666666666,0.6
0.5,2024,5,9,DoS,True,0.8420988812234345,0.42857142857142855,0.5384615384615384,0.6
0.5,2024,5,10,PortScan,True,0.7932447576685545,0.6666666666666666,0.6666666666666666,0.8181818181818182
0.5,2024,5,11,PortScan,True,0.8102283630568557,0.6666666666666666,0.6666666666666666,0.6666666666666666
0.5,2024,5,12,WebAttack,True,0.7806425257026899,0.42857142857142855,0.8181818181818182,0.6
0.5,2024,5,13,WebAttack,True,0.7756798213728144,0.42857142857142855,0.8181818181818182,0.6
0.5,2024,6,0,Benign,True,0.7656657578933854,0.42857142857142855,0.5384615384615384,0.6
0.5,2024,6,1,Benign,True,0.7678604169037351,0.6666666666666666,0.5384615384615384,0.6666666666666666
0.5,2024,6,2,Bot,True,0.8198419595973361,0.42857142857142855,0.6666666666666666,0.6
0.5,2024,6,3,Bot,True,0.8212826086639924,0.6666666666666666,0.5384615384615384,0.6666666666666666
0.5,2024,6,4,BruteForce,True,0.8322082336551015,0.6666666666666666,0.8181818181818182,0.7391304347826086
0.5,2024,6,5,BruteForce,True,0.8334059658174828,0.6666666666666666,0.8181818181818182,0.7391304347826086
0.5,2024,6,6,DDoS,True,0.8620890106832486,0.25,0.42857142857142855,0.8181818181818182
0.5,2024,6,7,DDoS,True,0.8584737331455692,0.42857142857142855,0.5384615384615384,0.6666666666666666
0.5,2024,6,8,DoS,True,0.8566991481242554,0.6666666666666666,0.8181818181818182,0.8181818181818182
0.5,2024,6,9,DoS,True,0.8586177782569968,0.6666666666666666,0.5384615384615384,0.7391304347826086
0.5,2024,6,10,PortScan,True,0.6767248728962088,0.6666666666666666,0.6666666666666666,0.5384615384615384
0.5,2024,6,11,PortScan,True,0.7335936392211173,0.6666666666666666,0.6666666666666666,0.5384615384615384
0.5,2024,6,12,WebAttack,True,0.7935519294052935,0.6666666666666666,1.0,0.6
0.5,2024,6,13,WebAttack,True,0.7994482101343574,0.42857142857142855,0.8181818181818182,0.6666666666666666
0.5,2024,7,0,Benign,True,0.8521353909840625,1.0,0.6666666666666666,0.6
0.5,2024,7,1,Benign,True,0.8314227696784966,0.6666666666666666,0.8181818181818182,0.6
0.5,2024,7,2,Bot,True,0.8595063228399376,0.6666666666666666,0.6666666666666666,0.6666666666666666
0.5,2024,7,3,Bot,True,0.8056041709190571,0.42857142857142855,0.3333333333333333,0.6
0.5,2024,7,4,BruteForce,True,0.8726769646913767,1.0,0.8181818181818182,0.7391304347826086
0.5,2024,7,5,BruteForce,True,0.8667186221634977,1.0,0.8181818181818182,0.8181818181818182
0.5,2024,7,6,DDoS,True,0.856810556810208,0.25,0.5384615384615384,0.6666666666666666
0.5,2024,7,7,DDoS,True,0.8451037871802916,0.6666666666666666,0.5384615384615384,0.6
0.5,2024,7,8,DoS,True,0.8595931294113618,0.6666666666666666,0.8181818181818182,0.6
0.5,2024,7,9,DoS,True,0.8625019195808112,0.6666666666666666,0.42857142857142855,0.6666666666666666
0.5,2024,7,10,PortScan,True,0.8101772247916199,0.6666666666666666,0.5384615384615384,0.8181818181818182
0.5,2024,7,11,PortScan,True,0.8030591823879336,1.0,0.5384615384615384,0.6
0.5,2024,7,12,WebAttack,False,0.7165110563876834,0.6666666666666666,0.6666666666666666,0.8181818181818182
0.5,2024,7,13,WebAttack,False,0.7490258919516691,0.42857142857142855,0.5384615384615384,0.8181818181818182
0.5,2024,8,0,Benign,True,0.7543924146628864,0.25,0.3333333333333333,0.6666666666666666
0.5,2024,8,1,Benign,True,0.7800825875864335,0.42857142857142855,0.5384615384615384,0.48148148148148145
0.5,2024,8,2,Bot,True,0.8629375271492123,0.6666666666666666,0.8181818181818182,0.6
0.5,2024,8,3,Bot,True,0.7932186150572881,0.42857142857142855,0.6666666666666666,0.48148148148148145
0.5,2024,8,4,BruteForce,True,0.844316534096853,0.6666666666666666,0.6666666666666666,0.6666666666666666
0.5,2024,8,5,BruteForce,True,0.8448009254678017,0.6666666666666666,0.6666666666666666,0.6666666666666666
0.5,2024,8,6,DDoS,True,0.6953398552644277,0.25,0.5384615384615384,0.6
0.5,2024,8,7,DDoS,True,0.7700075158505508,0.42857142857142855,0.6666666666666666,0.6666666666666666
0.5,2024,8,8,DoS,True,0.8156111375441433,0.6666666666666666,0.8181818181818182,0.6
0.5,2024,8,9,DoS,True,0.8611958099256316,0.6666666666666666,0.42857142857142855,0.8181818181818182
0.5,2024,8,10,PortScan,False,0.8099204771371877,0.6666666666666666,0.5384615384615384,0.6666666666666666
0.5,2024,8,11,PortScan,False,0.7618977020568669,0.6666666666666666,0.5384615384615384,0.6
0.5,2024,8,12,WebAttack,True,0.8036050259282104,0.6666666666666666,0.42857142857142855,0.6
0.5,2024,8,13,WebAttack,True,0.799053261394183,0.6666666666666666,0.5384615384615384,0.5384615384615384
0.5,2024,9,0,Benign,True,0.6757319073988204,0.42857142857142855,0.3333333333333333,0.5384615384615384
0.5,2024,9,1,Benign,True,0.7174239295626921,0.42857142857142855,0.6666666666666666,0.5384615384615384
0.5,2024,9,2,Bot,False,0.6902725831371417,0.25,0.3333333333333333,0.6
0.5,2024,9,3,Bot,False,0.7316790171074641,0.25,0.5384615384615384,0.42857142857142855
0.5,2024,9,4,BruteForce,True,0.6456634983777776,0.6666666666666666,0.5384615384615384,0.48148148148148145
0.5,2024,9,5,BruteForce,True,0.6105849481841513,0.6666666666666666,0.5384615384615384,0.48148148148148145
0.5,2024,9,6,DDoS,True,0.8512410756815965,1.0,0.5384615384615384,0.7391304347826086
0.5,2024,9,7,DDoS,True,0.8061470964641875,0.42857142857142855,0.8181818181818182,0.6
0.5,2024,9,8,DoS,True,0.827300953408488,0.6666666666666666,0.6666666666666666,0.5384615384615384
0.5,2024,9,9,DoS,True,0.7837436419310653,0.42857142857142855,0.5384615384615384,0.6
0.5,2024,9,10,PortScan,True,0.7276265702795559,0.6666666666666666,0.3333333333333333,0.48148148148148145
0.5,2024,9,11,PortScan,True,0.7406433065913753,1.0,0.6666666666666666,0.42857142857142855
0.5,2024,9,12,WebAttack,True,0.8084930872425117,1.0,0.5384615384615384,0.6666666666666666
0.5,2024,9,13,WebAttack,True,0.7971037844446855,0.6666666666666666,0.5384615384615384,0.6666666666666666
5.0,42,0,0,Benign,True,0.7941430895982685,0.25,0.5384615384615384,0.6
5.0,42,0,1,Benign,True,0.8465060456999371,0.6666666666666666,0.6666666666666666,0.6666666666666666
5.0,42,0,2,Bot,True,0.8007553597281831,0.42857142857142855,0.6666666666666666,0.5384615384615384
5.0,42,0,3,Bot,True,0.8087895470893942,0.42857142857142855,0.5384615384615384,0.48148148148148145
5.0,42,0,4,BruteForce,True,0.7195643532773084,0.42857142857142855,0.5384615384615384,0.5384615384615384
5.0,42,0,5,BruteForce,True,0.7473787905020715,0.6666666666666666,0.5384615384615384,0.5384615384615384
5.0,42,0,6,DDoS,True,0.8519808752723322,0.6666666666666666,0.6666666666666666,0.6666666666666666
5.0,42,0,7,DDoS,True,0.8432835979721616,0.6666666666666666,0.5384615384615384,0.6
5.0,42,0,8,DoS,True,0.8628558013570928,0.6666666666666666,0.6666666666666666,0.5384615384615384
5.0,42,0,9,DoS,True,0.8807332908974448,1.0,0.5384615384615384,0.8181818181818182
5.0,42,0,10,PortScan,True,0.7887238094324903,0.42857142857142855,0.5384615384615384,0.6666666666666666
5.0,42,0,11,PortScan,True,0.8290251177781729,0.6666666666666666,0.8181818181818182,0.5384615384615384
5.0,42,0,12,WebAttack,True,0.8245143196527542,0.6666666666666666,0.5384615384615384,0.42857142857142855
5.0,42,0,13,WebAttack,True,0.818347119427347,0.6666666666666666,0.5384615384615384,0.42857142857142855
5.0,42,1,0,Benign,True,0.8730316925860795,0.42857142857142855,0.5384615384615384,0.8181818181818182
5.0,42,1,1,Benign,True,0.8456036456276366,1.0,0.8181818181818182,0.6666666666666666
5.0,42,1,2,Bot,True,0.8395687153954429,0.42857142857142855,0.5384615384615384,0.7391304347826086
5.0,42,1,3,Bot,True,0.8666582874969917,0.6666666666666666,0.5384615384615384,0.6666666666666666
5.0,42,1,4,BruteForce,True,0.8457672960843987,0.42857142857142855,0.5384615384615384,0.6666666666666666
5.0,42,1,5,BruteForce,True,0.8761662754733499,0.6666666666666666,0.6666666666666666,0.7391304347826086
5.0,42,1,6,DDoS,True,0.8243749520359657,1.0,0.6666666666666666,0.7391304347826086
5.0,42,1,7,DDoS,True,0.8010012898140433,0.6666666666666666,0.8181818181818182,0.6666666666666666
5.0,42,1,8,DoS,True,0.8814557274488246,1.0,0.8181818181818182,0.7391304347826086
5.0,42,1,9,DoS,True,0.9065817833787675,1.0,0.6666666666666666,0.7391304347826086
5.0,42,1,10,PortScan,True,0.8816632643210758,0.6666666666666666,0.8181818181818182,0.6
5.0,42,1,11,PortScan,True,0.8806696401576422,0.42857142857142855,0.8181818181818182,0.6
5.0,42,1,12,WebAttack,True,0.8546352690395284,0.6666666666666666,0.42857142857142855,0.7391304347826086
5.0,42,1,13,WebAttack,True,0.8605330461364098,0.6666666666666666,0.5384615384615384,0.8181818181818182
5.0,42,2,0,Benign,True,0.8092731247487219,0.42857142857142855,0.42857142857142855,0.6
5.0,42,2,1,Benign,True,0.8388148910858502,1.0,0.6666666666666666,0.7391304347826086
5.0,42,2,2,Bot,True,0.7884526199809243,0.6666666666666666,0.6666666666666666,0.48148148148148145
5.0,42,2,3,Bot,True,0.7923929075311804,0.25,0.5384615384615384,0.6666666666666666
5.0,42,2,4,BruteForce,True,0.8332823564397658,0.42857142857142855,0.42857142857142855,0.6
5.0,42,2,5,BruteForce,True,0.838072478444187,0.6666666666666666,0.42857142857142855,0.5384615384615384
5.0,42,2,6,DDoS,True,0.8577006616928478,0.6666666666666666,0.6666666666666666,0.7391304347826086
5.0,42,2,7,DDoS,True,0.8574274307220795,0.6666666666666666,0.8181818181818182,0.6666666666666666
5.0,42,2,8,DoS,True,0.8858408940624611,0.6666666666666666,0.8181818181818182,0.6
5.0,42,2,9,DoS,True,0.8902635757138064,1.0,0.6666666666666666,0.7391304347826086
5.0,42,2,10,PortScan,True,0.8410811646941858,0.6666666666666666,0.6666666666666666,0.5384615384615384
5.0,42,2,11,PortScan,True,0.8690951081362963,0.42857142857142855,0.8181818181818182,0.6
5.0,42,2,12,WebAttack,True,0.8760015613737402,1.0,0.5384615384615384,0.7391304347826086
5.0,42,2,13,WebAttack,True,0.8477828160283083,1.0,0.5384615384615384,0.7391304347826086
5.0,42,3,0,Benign,True,0.832181579971323,0.42857142857142855,0.6666666666666666,0.6666666666666666
5.0,42,3,1,Benign,True,0.8574097968129941,1.0,0.8181818181818182,0.7391304347826086
5.0,42,3,2,Bot,True,0.8753394426898706,0.42857142857142855,0.6666666666666666,0.6666666666666666
5.0,42,3,3,Bot,True,0.8348385816499256,0.6666666666666666,0.6666666666666666,0.5384615384615384
5.0,42,3,4,BruteForce,True,0.8420822445320582,0.6666666666666666,0.6666666666666666,0.6666666666666666
5.0,42,3,5,BruteForce,True,0.869441477228722,0.6666666666666666,0.6666666666666666,0.6666666666666666
5.0,42,3,6,DDoS,True,0.8777977570609994,0.6666666666666666,0.8181818181818182,0.8181818181818182
5.0,42,3,7,DDoS,True,0.8842298648901306,0.6666666666666666,0.6666666666666666,0.6666666666666666
5.0,42,3,8,DoS,True,0.8682168765223673,1.0,0.8181818181818182,0.7391304347826086
5.0,42,3,9,DoS,True,0.9172312234113393,0.6666666666666666,0.6666666666666666,0.7391304347826086
5.0,42,3,10,PortScan,True,0.8965578960020955,0.6666666666666666,0.8181818181818182,0.6666666666666666
5.0,42,3,11,PortScan,True,0.8617189532927456,0.42857142857142855,0.6666666666666666,0.6666666666666666
5.0,42,3,12,WebAttack,True,0.8617496009506764,0.6666666666666666,0.42857142857142855,0.6
5.0,42,3,13,WebAttack,True,0.8405915295957127,0.6666666666666666,0.5384615384615384,0.6666666666666666
5.0,42,4,0,Benign,True,0.8396681909875816,0.6666666666666666,0.5384615384615384,0.6666666666666666
5.0,42,4,1,Benign,True,0.8036802649312472,0.42857142857142855,0.6666666666666666,0.6
5.0,42,4,2,Bot,True,0.6725665814944366,0.25,0.6666666666666666,0.7391304347826086
5.0,42,4,3,Bot,True,0.7872070613491915,0.42857142857142855,0.5384615384615384,0.6666666666666666
5.0,42,4,4,BruteForce,True,0.8117487992953581,0.6666666666666666,0.6666666666666666,0.6666666666666666
5.0,42,4,5,BruteForce,True,0.8395457201702194,0.6666666666666666,0.5384615384615384,0.6666666666666666
5.0,42,4,6,DDoS,True,0.8621283298071631,0.6666666666666666,0.8181818181818182,0.6666666666666666
5.0,42,4,7,DDoS,True,0.895363907430659,0.6666666666666666,0.6666666666666666,0.6666666666666666
5.0,42,4,8,DoS,True,0.8492826361052097,0.6666666666666666,0.8181818181818182,0.8181818181818182
5.0,42,4,9,DoS,True,0.8907264184962445,0.6666666666666666,0.6666666666666666,0.7391304347826086
5.0,42,4,10,PortScan,True,0.8263768426597573,1.0,0.6666666666666666,0.6666666666666666
5.0,42,4,11,PortScan,True,0.8316862606956856,0.6666666666666666,0.6666666666666666,0.7391304347826086
5.0,42,4,12,WebAttack,True,0.8137812345934721,0.42857142857142855,0.42857142857142855,0.6666666666666666
5.0,42,4,13,WebAttack,True,0.833688179960367,0.42857142857142855,0.6666666666666666,0.6666666666666666
5.0,42,5,0,Benign,True,0.7557491384415344,0.25,0.5384615384615384,0.6
5.0,42,5,1,Benign,True,0.7655755432854966,0.6666666666666666,0.6666666666666666,0.48148148148148145
5.0,42,5,2,Bot,True,0.7856970935144117,0.25,0.6666666666666666,0.6666666666666666
5.0,42,5,3,Bot,True,0.8206693737218553,0.42857142857142855,0.6666666666666666,0.6
5.0,42,5,4,BruteForce,True,0.8284350691418585,0.42857142857142855,0.6666666666666666,0.6666666666666666
5.0,42,5,5,BruteForce,True,0.84048505909329,0.6666666666666666,0.8181818181818182,0.6666666666666666
5.0,42,5,6,DDoS,True,0.8944576649950253,0.6666666666666666,0.8181818181818182,0.8181818181818182
5.0,42,5,7,DDoS,True,0.8885777655093792,1.0,0.8181818181818182,0.7391304347826086
5.0,42,5,8,DoS,True,0.8812727121397033,0.6666666666666666,0.8181818181818182,0.6666666666666666
5.0,42,5,9,DoS,True,0.9192191802890447,0.6666666666666666,0.8181818181818182,0.7391304347826086
5.0,42,5,10,PortScan,True,0.8710005634331739,1.0,0.6666666666666666,0.7391304347826086
5.0,42,5,11,PortScan,True,0.8234028386817769,0.6666666666666666,0.8181818181818182,0.6666666666666666
5.0,42,5,12,WebAttack,True,0.8488858504111476,0.6666666666666666,0.5384615384615384,0.5384615384615384
5.0,42,5,13,WebAttack,True,0.8567662420105737,0.6666666666666666,0.6666666666666666,0.5384615384615384
5.0,42,6,0,Benign,True,0.8495358847921987,0.6666666666666666,0.5384615384615384,0.7391304347826086
5.0,42,6,1,Benign,True,0.8785185237650914,1.0,0.8181818181818182,0.6666666666666666
5.0,42,6,2,Bot,True,0.7632725859785048,0.42857142857142855,0.42857142857142855,0.48148148148148145
5.0,42,6,3,Bot,True,0.862746452460605,0.6666666666666666,0.5384615384615384,0.7391304347826086
5.0,42,6,4,BruteForce,True,0.8721626926027575,0.6666666666666666,0.8181818181818182,0.6666666666666666
5.0,42,6,5,BruteForce,True,0.8761778420847426,0.6666666666666666,0.8181818181818182,0.6666666666666666
5.0,42,6,6,DDoS,True,0.8513422023292903,0.6666666666666666,0.5384615384615384,0.7391304347826086
5.0,42,6,7,DDoS,True,0.8832416082707628,0.6666666666666666,0.8181818181818182,0.7391304347826086
5.0,42,6,8,DoS,True,0.888698076584356,1.0,0.6666666666666666,0.7391304347826086
5.0,42,6,9,DoS,True,0.8963358066270541,1.0,0.5384615384615384,0.7391304347826086
5.0,42,6,10,PortScan,True,0.8399490631175249,0.6666666666666666,0.6666666666666666,0.7391304347826086
5.0,42,6,11,PortScan,True,0.8284627535320559,0.6666666666666666,0.6666666666666666,0.6
5.0,42,6,12,WebAttack,True,0.8132815672156248,0.6666666666666666,0.5384615384615384,0.6666666666666666
5.0,42,6,13,WebAttack,True,0.791925259305795,0.6666666666666666,0.42857142857142855,0.6666666666666666
5.0,42,7,0,Benign,True,0.7584455099995634,0.25,0.42857142857142855,0.5384615384615384
5.0,42,7,1,Benign,True,0.8553386266267431,1.0,0.6666666666666666,0.8181818181818182
5.0,42,7,2,Bot,True,0.8579760918281508,0.6666666666666666,0.5384615384615384,0.7391304347826086
5.0,42,7,3,Bot,True,0.8179405294261766,0.42857142857142855,0.5384615384615384,0.6
5.0,42,7,4,BruteForce,True,0.7626322704288363,0.6666666666666666,0.42857142857142855,0.48148148148148145
5.0,42,7,5,BruteForce,True,0.7944130201121005,0.6666666666666666,0.42857142857142855,0.5384615384615384
5.0,42,7,6,DDoS,True,0.8757362912028173,0.42857142857142855,0.6666666666666666,0.8181818181818182
5.0,42,7,7,DDoS,True,0.8592826558773161,0.6666666666666666,0.6666666666666666,0.6666666666666666
5.0,42,7,8,DoS,True,0.8520662816121756,1.0,0.6666666666666666,0.6
5.0,42,7,9,DoS,True,0.8884846967856379,1.0,0.6666666666666666,0.7391304347826086
5.0,42,7,10,PortScan,True,0.8576853015396794,0.6666666666666666,0.8181818181818182,0.6
5.0,42,7,11,PortScan,True,0.8665380971278658,0.6666666666666666,0.8181818181818182,0.6
5.0,42,7,12,WebAttack,True,0.7964828375597965,0.42857142857142855,0.42857142857142855,0.6
5.0,42,7,13,WebAttack,True,0.8012853844258981,0.42857142857142855,0.42857142857142855,0.48148148148148145
5.0,42,8,0,Benign,True,0.7755591101039541,0.6666666666666666,0.5384615384615384,0.6666666666666666
5.0,42,8,1,Benign,True,0.8002922165648519,0.42857142857142855,0.5384615384615384,0.5384615384615384
5.0,42,8,2,Bot,True,0.5884578344075184,0.25,0.3333333333333333,0.3793103448275862
5.0,42,8,3,Bot,True,0.8211159349117951,0.25,0.5384615384615384,0.5384615384615384
5.0,42,8,4,BruteForce,True,0.833286499536802,0.42857142857142855,0.6666666666666666,0.5384615384615384
5.0,42,8,5,BruteForce,True,0.8414996975835051,0.42857142857142855,0.6666666666666666,0.6
5.0,42,8,6,DDoS,True,0.8537468753089146,0.6666666666666666,1.0,0.7391304347826086
5.0,42,8,7,DDoS,True,0.8768602290350189,0.6666666666666666,0.6666666666666666,0.8181818181818182
5.0,42,8,8,DoS,True,0.8799422289846427,0.6666666666666666,0.6666666666666666,0.8181818181818182
5.0,42,8,9,DoS,True,0.8980225941224753,1.0,0.5384615384615384,0.8181818181818182
5.0,42,8,10,PortScan,True,0.7530691219947485,0.6666666666666666,0.5384615384615384,0.5384615384615384
5.0,42,8,11,PortScan,True,0.8610786287171321,0.6666666666666666,0.6666666666666666,0.6666666666666666
5.0,42,8,12,WebAttack,True,0.8209273076094146,0.42857142857142855,0.3333333333333333,0.6666666666666666
5.0,42,8,13,WebAttack,True,0.8267363832714703,0.42857142857142855,0.42857142857142855,0.6666666666666666
5.0,42,9,0,Benign,True,0.8412398906689647,0.42857142857142855,0.6666666666666666,0.7391304347826086
5.0,42,9,1,Benign,True,0.9162753156089287,1.0,0.8181818181818182,0.6666666666666666
5.0,42,9,2,Bot,True,0.8364130427823617,0.6666666666666666,0.6666666666666666,0.6
5.0,42,9,3,Bot,True,0.7889384753035857,0.25,0.5384615384615384,0.6
5.0,42,9,4,BruteForce,True,0.8477908069971918,1.0,0.6666666666666666,0.6
5.0,42,9,5,BruteForce,True,0.8419661719122931,0.6666666666666666,0.8181818181818182,0.6
5.0,42,9,6,DDoS,True,0.908553399763401,1.0,0.8181818181818182,0.7391304347826086
5.0,42,9,7,DDoS,True,0.8921276517646981,0.6666666666666666,0.8181818181818182,0.6666666666666666
5.0,42,9,8,DoS,True,0.8795579053966346,0.6666666666666666,0.8181818181818182,0.6666666666666666
5.0,42,9,9,DoS,True,0.9130465240266838,1.0,0.6666666666666666,0.7391304347826086
5.0,42,9,10,PortScan,True,0.8761794048070473,1.0,0.8181818181818182,0.7391304347826086
5.0,42,9,11,PortScan,True,0.8995132441474347,0.6666666666666666,0.6666666666666666,0.7391304347826086
5.0,42,9,12,WebAttack,True,0.8329041289863599,0.42857142857142855,0.5384615384615384,0.6666666666666666
5.0,42,9,13,WebAttack,True,0.82285132906561,0.42857142857142855,0.42857142857142855,0.6666666666666666
5.0,1337,0,0,Benign,True,0.8299437931010558,0.6666666666666666,0.5384615384615384,0.6
5.0,1337,0,1,Benign,True,0.8280193319949151,0.6666666666666666,0.8181818181818182,0.6666666666666666
5.0,1337,0,2,Bot,True,0.8031715284856511,0.25,0.5384615384615384,0.6666666666666666
5.0,1337,0,3,Bot,True,0.8126091975665197,0.6666666666666666,0.42857142857142855,0.5384615384615384
5.0,1337,0,4,BruteForce,True,0.8404890240967349,0.42857142857142855,0.6666666666666666,0.6666666666666666
5.0,1337,0,5,BruteForce,True,0.8403767310795074,0.42857142857142855,0.6666666666666666,0.5384615384615384
5.0,1337,0,6,DDoS,True,0.8898289514112294,1.0,0.8181818181818182,0.8181818181818182
5.0,1337,0,7,DDoS,True,0.8774155133942025,1.0,0.8181818181818182,0.7391304347826086
5.0,1337,0,8,DoS,True,0.8749442466561562,0.6666666666666666,0.8181818181818182,0.6
5.0,1337,0,9,DoS,True,0.9079740110585361,1.0,0.8181818181818182,0.7391304347826086
5.0,1337,0,10,PortScan,True,0.8909460108428419,1.0,0.6666666666666666,0.5384615384615384
5.0,1337,0,11,PortScan,True,0.8787407612685191,0.6666666666666666,0.5384615384615384,0.6666666666666666
5.0,1337,0,12,WebAttack,True,0.8528277546647708,0.6666666666666666,0.6666666666666666,0.6
5.0,1337,0,13,WebAttack,True,0.8636942704843343,0.6666666666666666,0.6666666666666666,0.6
5.0,1337,1,0,Benign,True,0.8594331746402012,0.6666666666666666,0.6666666666666666,0.8181818181818182
5.0,1337,1,1,Benign,True,0.7867434919684966,0.6666666666666666,0.6666666666666666,0.7391304347826086
5.0,1337,1,2,Bot,True,0.8276959478597216,0.42857142857142855,0.6666666666666666,0.6
5.0,1337,1,3,Bot,True,0.7977817596361589,0.6666666666666666,0.42857142857142855,0.48148148148148145
5.0,1337,1,4,BruteForce,True,0.8330793138685864,1.0,0.5384615384615384,0.6
5.0,1337,1,5,BruteForce,True,0.8444635799213422,1.0,0.5384615384615384,0.6
5.0,1337,1,6,DDoS,True,0.8527353598248966,0.6666666666666666,0.8181818181818182,0.8181818181818182
5.0,1337,1,7,DDoS,True,0.8312462248334445,0.6666666666666666,0.8181818181818182,0.6
5.0,1337,1,8,DoS,True,0.848386982717405,0.6666666666666666,0.6666666666666666,0.5384615384615384
5.0,1337,1,9,DoS,True,0.8521441048011551,1.0,0.8181818181818182,0.5384615384615384
5.0,1337,1,10,PortScan,True,0.8959652118296106,1.0,0.8181818181818182,0.6
5.0,1337,1,11,PortScan,True,0.9017945729241807,0.6666666666666666,0.6666666666666666,0.7391304347826086
5.0,1337,1,12,WebAttack,True,0.8226950600299772,0.25,0.6666666666666666,0.6
5.0,1337,1,13,WebAttack,True,0.8153894294873776,0.25,0.5384615384615384,0.5384615384615384
5.0,1337,2,0,Benign,True,0.7928982515400531,0.42857142857142855,0.5384615384615384,0.5384615384615384
5.0,1337,2,1,Benign,True,0.7723658414978296,0.6666666666666666,0.8181818181818182,0.6666666666666666
5.0,1337,2,2,Bot,True,0.8780239930145385,0.6666666666666666,0.8181818181818182,0.8181818181818182
5.0,1337,2,3,Bot,True,0.8079382159930955,0.6666666666666666,0.3333333333333333,0.5384615384615384
5.0,1337,2,4,BruteForce,True,0.8474180335067805,0.6666666666666666,0.6666666666666666,0.6666666666666666
5.0,1337,2,5,BruteForce,True,0.8401983167136478,0.6666666666666666,0.6666666666666666,0.7391304347826086
5.0,1337,2,6,DDoS,True,0.8428456239827875,0.6666666666666666,0.6666666666666666,0.7391304347826086
5.0,1337,2,7,DDoS,True,0.831973749915027,0.6666666666666666,0.8181818181818182,0.8181818181818182
5.0,1337,2,8,DoS,True,0.8448790194306275,0.6666666666666666,0.8181818181818182,0.6666666666666666
5.0,1337,2,9,DoS,True,0.8943040171740129,0.6666666666666666,0.8181818181818182,0.7391304347826086
5.0,1337,2,10,PortScan,True,0.8456470028634987,0.6666666666666666,0.8181818181818182,0.48148148148148145
5.0,1337,2,11,PortScan,True,0.8679629334602363,0.42857142857142855,0.6666666666666666,0.6666666666666666
5.0,1337,2,12,WebAttack,True,0.8175561486010051,0.6666666666666666,0.5384615384615384,0.6
5.0,1337,2,13,WebAttack,True,0.7897895522514712,0.6666666666666666,0.5384615384615384,0.5384615384615384
5.0,1337,3,0,Benign,True,0.8835568798667064,1.0,0.6666666666666666,0.6666666666666666
5.0,1337,3,1,Benign,True,0.8028831924784975,0.6666666666666666,0.6666666666666666,0.6666666666666666
5.0,1337,3,2,Bot,True,0.8882959538830486,0.6666666666666666,0.6666666666666666,0.7391304347826086
5.0,1337,3,3,Bot,True,0.8107227983886495,0.6666666666666666,0.42857142857142855,0.5384615384615384
5.0,1337,3,4,BruteForce,True,0.8486363130170194,1.0,0.6666666666666666,0.6666666666666666
5.0,1337,3,5,BruteForce,True,0.8476374696727456,1.0,0.6666666666666666,0.7391304347826086
5.0,1337,3,6,DDoS,True,0.8809204042258345,0.6666666666666666,0.8181818181818182,0.9047619047619048
5.0,1337,3,7,DDoS,True,0.8849950310544786,1.0,0.6666666666666666,0.7391304347826086
5.0,1337,3,8,DoS,True,0.8613718600469101,0.6666666666666666,0.8181818181818182,0.8181818181818182
5.0,1337,3,9,DoS,True,0.8863820245193436,0.6666666666666666,0.6666666666666666,0.6666666666666666
5.0,1337,3,10,PortScan,True,0.9082521107439696,1.0,0.8181818181818182,0.6
5.0,1337,3,11,PortScan,True,0.8450017989443392,0.6666666666666666,0.5384615384615384,0.6
5.0,1337,3,12,WebAttack,True,0.8250624807226183,0.42857142857142855,0.6666666666666666,0.6
5.0,1337,3,13,WebAttack,True,0.8611228717681485,0.42857142857142855,0.8181818181818182,0.6666666666666666
5.0,1337,4,0,Benign,True,0.839476511062712,0.42857142857142855,0.6666666666666666,0.6666666666666666
5.0,1337,4,1,Benign,True,0.7891667520827444,0.6666666666666666,0.6666666666666666,0.6666666666666666
5.0,1337,4,2,Bot,True,0.8010992729161934,0.42857142857142855,0.6666666666666666,0.5384615384615384
5.0,1337,4,3,Bot,True,0.7918263735358364,0.6666666666666666,0.42857142857142855,0.48148148148148145
5.0,1337,4,4,BruteForce,True,0.8621000133541022,0.6666666666666666,0.6666666666666666,0.8181818181818182
5.0,1337,4,5,BruteForce,True,0.8766116855446773,1.0,0.8181818181818182,0.6666666666666666
5.0,1337,4,6,DDoS,True,0.8607135355561777,0.6666666666666666,0.6666666666666666,0.6666666666666666
5.0,1337,4,7,DDoS,True,0.8466242548068887,0.6666666666666666,0.6666666666666666,0.6666666666666666
5.0,1337,4,8,DoS,True,0.8796843374855463,0.6666666666666666,0.6666666666666666,0.6666666666666666
5.0,1337,4,9,DoS,True,0.8823442545506532,1.0,0.6666666666666666,0.6666666666666666
5.0,1337,4,10,PortScan,True,0.8466403761791326,1.0,0.8181818181818182,0.6
5.0,1337,4,11,PortScan,True,0.894065092891414,0.6666666666666666,0.5384615384615384,0.6666666666666666
5.0,1337,4,12,WebAttack,True,0.8550466155927909,0.42857142857142855,0.8181818181818182,0.6666666666666666
5.0,1337,4,13,WebAttack,True,0.8253218804227755,0.42857142857142855,0.6666666666666666,0.6
5.0,1337,5,0,Benign,True,0.8167653072818724,0.42857142857142855,0.6666666666666666,0.6
5.0,1337,5,1,Benign,True,0.7700368665100711,0.6666666666666666,0.8181818181818182,0.6
5.0,1337,5,2,Bot,True,0.8088305285029369,0.6666666666666666,0.5384615384615384,0.5384615384615384
5.0,1337,5,3,Bot,True,0.7893683030114717,0.42857142857142855,0.42857142857142855,0.42857142857142855
5.0,1337,5,4,BruteForce,True,0.7585438285199073,0.6666666666666666,0.42857142857142855,0.5384615384615384
5.0,1337,5,5,BruteForce,True,0.7508333644595016,0.6666666666666666,0.5384615384615384,0.6
5.0,1337,5,6,DDoS,True,0.8920469654411856,0.6666666666666666,1.0,0.7391304347826086
5.0,1337,5,7,DDoS,True,0.8412544738870973,0.6666666666666666,0.6666666666666666,0.6666666666666666
5.0,1337,5,8,DoS,True,0.8565167121239632,0.6666666666666666,0.6666666666666666,0.6666666666666666
5.0,1337,5,9,DoS,True,0.8772446987800607,0.6666666666666666,0.8181818181818182,0.6666666666666666
5.0,1337,5,10,PortScan,True,0.8185861454286998,1.0,0.6666666666666666,0.48148148148148145
5.0,1337,5,11,PortScan,True,0.8483158831031026,0.6666666666666666,0.5384615384615384,0.5384615384615384
5.0,1337,5,12,WebAttack,True,0.7835688261061777,0.6666666666666666,0.6666666666666666,0.42857142857142855
5.0,1337,5,13,WebAttack,True,0.7729838948494597,0.6666666666666666,0.6666666666666666,0.5384615384615384
5.0,1337,6,0,Benign,True,0.8376358945885356,0.6666666666666666,0.6666666666666666,0.6
5.0,1337,6,1,Benign,True,0.778503871446747,0.42857142857142855,0.6666666666666666,0.7391304347826086
5.0,1337,6,2,Bot,True,0.797415802077829,0.42857142857142855,0.5384615384615384,0.6666666666666666
5.0,1337,6,3,Bot,True,0.822894001668762,0.42857142857142855,0.42857142857142855,0.6
5.0,1337,6,4,BruteForce,True,0.852105975597151,0.6666666666666666,0.5384615384615384,0.6666666666666666
5.0,1337,6,5,BruteForce,True,0.8208084428601767,0.6666666666666666,0.5384615384615384,0.6
5.0,1337,6,6,DDoS,True,0.8956182968253255,0.6666666666666666,1.0,0.9047619047619048
5.0,1337,6,7,DDoS,True,0.8817645971309751,1.0,0.6666666666666666,0.7391304347826086
5.0,1337,6,8,DoS,True,0.8782781652713636,0.6666666666666666,0.8181818181818182,0.6666666666666666
5.0,1337,6,9,DoS,True,0.8733509533005492,1.0,0.8181818181818182,0.6666666666666666
5.0,1337,6,10,PortScan,True,0.8698604281068257,1.0,0.6666666666666666,0.6
5.0,1337,6,11,PortScan,True,0.8991993254578964,0.6666666666666666,0.5384615384615384,0.6666666666666666
5.0,1337,6,12,WebAttack,True,0.7807660904066309,0.42857142857142855,0.6666666666666666,0.6
5.0,1337,6,13,WebAttack,True,0.8090683283505864,0.25,0.8181818181818182,0.5384615384615384
5.0,1337,7,0,Benign,True,0.83647591499375,0.6666666666666666,0.6666666666666666,0.48148148148148145
5.0,1337,7,1,Benign,True,0.8692652764692349,0.42857142857142855,0.6666666666666666,0.7391304347826086
5.0,1337,7,2,Bot,True,0.7696343227991245,0.42857142857142855,0.6666666666666666,0.48148148148148145
5.0,1337,7,3,Bot,True,0.7429532673230388,0.6666666666666666,0.42857142857142855,0.5384615384615384
5.0,1337,7,4,BruteForce,True,0.8556366170138571,0.6666666666666666,0.6666666666666666,0.6
5.0,1337,7,5,BruteForce,True,0.8625744324992484,0.6666666666666666,0.5384615384615384,0.6666666666666666
5.0,1337,7,6,DDoS,True,0.86856187065366,0.6666666666666666,0.8181818181818182,0.7391304347826086
5.0,1337,7,7,DDoS,True,0.8478042711045846,0.6666666666666666,0.6666666666666666,0.6666666666666666
5.0,1337,7,8,DoS,True,0.8905251520955739,0.6666666666666666,0.8181818181818182,0.9047619047619048
5.0,1337,7,9,DoS,True,0.8816720266281308,0.6666666666666666,0.8181818181818182,0.6
5.0,1337,7,10,PortScan,True,0.8823786037441164,1.0,0.6666666666666666,0.48148148148148145
5.0,1337,7,11,PortScan,True,0.8981214729524076,0.6666666666666666,0.6666666666666666,0.8181818181818182
5.0,1337,7,12,WebAttack,True,0.7986617039799728,0.42857142857142855,0.6666666666666666,0.6
5.0,1337,7,13,WebAttack,True,0.8237337928494,0.42857142857142855,0.6666666666666666,0.6
5.0,1337,8,0,Benign,True,0.8010496330248125,0.42857142857142855,0.5384615384615384,0.48148148148148145
5.0,1337,8,1,Benign,True,0.7918777299732674,0.6666666666666666,0.8181818181818182,0.8181818181818182
5.0,1337,8,2,Bot,True,0.8254870377706989,0.6666666666666666,0.6666666666666666,0.6
5.0,1337,8,3,Bot,True,0.7638681967422962,0.6666666666666666,0.5384615384615384,0.48148148148148145
5.0,1337,8,4,BruteForce,True,0.8620160192122697,0.6666666666666666,0.5384615384615384,0.6666666666666666
5.0,1337,8,5,BruteForce,True,0.8468815272968917,0.42857142857142855,0.42857142857142855,0.6
5.0,1337,8,6,DDoS,True,0.8208865761908626,0.6666666666666666,1.0,0.6666666666666666
5.0,1337,8,7,DDoS,True,0.83890823499356,1.0,0.8181818181818182,0.6
5.0,1337,8,8,DoS,True,0.8191932930980199,0.6666666666666666,0.8181818181818182,0.6
5.0,1337,8,9,DoS,True,0.8759658745443166,0.6666666666666666,0.8181818181818182,0.7391304347826086
5.0,1337,8,10,PortScan,True,0.7787960263607222,1.0,0.5384615384615384,0.42857142857142855
5.0,1337,8,11,PortScan,True,0.8619026890970019,0.6666666666666666,0.5384615384615384,0.7391304347826086
5.0,1337,8,12,WebAttack,True,0.7249723997274204,0.42857142857142855,0.5384615384615384,0.6666666666666666
5.0,1337,8,13,WebAttack,True,0.7367819788837614,0.42857142857142855,0.5384615384615384,0.6
5.0,1337,9,0,Benign,True,0.8553910707930812,0.6666666666666666,0.6666666666666666,0.48148148148148145
5.0,1337,9,1,Benign,True,0.7956442890707549,0.42857142857142855,0.8181818181818182,0.6
5.0,1337,9,2,Bot,True,0.8704506645952356,0.42857142857142855,0.6666666666666666,0.6666666666666666
5.0,1337,9,3,Bot,True,0.7877136220539369,0.6666666666666666,0.42857142857142855,0.5384615384615384
5.0,1337,9,4,BruteForce,True,0.839431480444949,1.0,0.5384615384615384,0.5384615384615384
5.0,1337,9,5,BruteForce,True,0.8592179242453881,1.0,0.6666666666666666,0.5384615384615384
5.0,1337,9,6,DDoS,True,0.8120872697583845,0.42857142857142855,0.6666666666666666,0.8181818181818182
5.0,1337,9,7,DDoS,True,0.8177505234127811,1.0,0.6666666666666666,0.6666666666666666
5.0,1337,9,8,DoS,True,0.8491969150936168,0.42857142857142855,0.8181818181818182,0.6666666666666666
5.0,1337,9,9,DoS,True,0.8756104878523682,1.0,0.8181818181818182,0.7391304347826086
5.0,1337,9,10,PortScan,True,0.8643640460491884,1.0,0.6666666666666666,0.6
5.0,1337,9,11,PortScan,True,0.8859380548875402,0.6666666666666666,0.6666666666666666,0.6
5.0,1337,9,12,WebAttack,True,0.8094052348979288,0.42857142857142855,0.6666666666666666,0.6
5.0,1337,9,13,WebAttack,True,0.7869016961920927,0.42857142857142855,0.5384615384615384,0.6
5.0,2024,0,0,Benign,True,0.8208563014598885,0.6666666666666666,0.5384615384615384,0.5384615384615384
5.0,2024,0,1,Benign,True,0.8179516368248403,0.6666666666666666,0.6666666666666666,0.5384615384615384
5.0,2024,0,2,Bot,True,0.8568885864234244,0.6666666666666666,0.6666666666666666,0.6
5.0,2024,0,3,Bot,True,0.8273964234413912,0.6666666666666666,0.3333333333333333,0.7391304347826086
5.0,2024,0,4,BruteForce,True,0.8483414669052834,0.6666666666666666,0.6666666666666666,0.7391304347826086
5.0,2024,0,5,BruteForce,True,0.8416556348432107,0.6666666666666666,0.5384615384615384,0.7391304347826086
5.0,2024,0,6,DDoS,True,0.8376279952622405,1.0,0.8181818181818182,0.8181818181818182
5.0,2024,0,7,DDoS,True,0.8531755120189031,0.6666666666666666,0.8181818181818182,0.7391304347826086
5.0,2024,0,8,DoS,True,0.8633182571272884,1.0,1.0,1.0
5.0,2024,0,9,DoS,True,0.8406194624886836,0.6666666666666666,0.6666666666666666,0.7391304347826086
5.0,2024,0,10,PortScan,True,0.9133108933811394,1.0,0.6666666666666666,0.6666666666666666
5.0,2024,0,11,PortScan,True,0.8476315400035191,1.0,0.6666666666666666,0.48148148148148145
5.0,2024,0,12,WebAttack,True,0.852299251281994,0.6666666666666666,0.5384615384615384,0.7391304347826086
5.0,2024,0,13,WebAttack,True,0.8515455757534798,0.6666666666666666,0.42857142857142855,0.7391304347826086
5.0,2024,1,0,Benign,True,0.804768562798156,0.42857142857142855,0.5384615384615384,0.7391304347826086
5.0,2024,1,1,Benign,True,0.8632900988319208,1.0,0.8181818181818182,0.7391304347826086
5.0,2024,1,2,Bot,True,0.8705536358165018,1.0,0.6666666666666666,0.6666666666666666
5.0,2024,1,3,Bot,True,0.8174483184737221,0.42857142857142855,0.25,0.6666666666666666
5.0,2024,1,4,BruteForce,True,0.7886282171957284,1.0,0.6666666666666666,0.9047619047619048
5.0,2024,1,5,BruteForce,True,0.801392571454526,0.6666666666666666,0.6666666666666666,0.7391304347826086
5.0,2024,1,6,DDoS,True,0.8497631576085325,0.6666666666666666,0.8181818181818182,0.6666666666666666
5.0,2024,1,7,DDoS,True,0.8465381729715175,0.6666666666666666,0.8181818181818182,0.6666666666666666
5.0,2024,1,8,DoS,True,0.8643696186277097,0.42857142857142855,0.6666666666666666,0.8181818181818182
5.0,2024,1,9,DoS,True,0.8828754783541111,0.6666666666666666,0.6666666666666666,0.7391304347826086
5.0,2024,1,10,PortScan,True,0.8646175245249959,1.0,0.8181818181818182,0.8181818181818182
5.0,2024,1,11,PortScan,True,0.8102269201140566,0.6666666666666666,0.5384615384615384,0.5384615384615384
5.0,2024,1,12,WebAttack,True,0.8130359562851713,0.42857142857142855,0.6666666666666666,0.5384615384615384
5.0,2024,1,13,WebAttack,True,0.8292235442287704,0.42857142857142855,0.6666666666666666,0.6
5.0,2024,2,0,Benign,True,0.8302515578341917,0.42857142857142855,0.5384615384615384,0.6666666666666666
5.0,2024,2,1,Benign,True,0.8832049711266203,1.0,0.6666666666666666,0.8181818181818182
5.0,2024,2,2,Bot,True,0.8391382680134603,0.6666666666666666,0.5384615384615384,0.6666666666666666
5.0,2024,2,3,Bot,True,0.8203622022510246,0.42857142857142855,0.3333333333333333,0.5384615384615384
5.0,2024,2,4,BruteForce,True,0.8700130744904069,0.6666666666666666,0.8181818181818182,0.7391304347826086
5.0,2024,2,5,BruteForce,True,0.8437581990555811,0.6666666666666666,0.6666666666666666,0.6
5.0,2024,2,6,DDoS,True,0.8796212552294695,0.6666666666666666,0.8181818181818182,0.7391304347826086
5.0,2024,2,7,DDoS,True,0.8853351409899961,0.6666666666666666,0.8181818181818182,0.7391304347826086
5.0,2024,2,8,DoS,True,0.8797838492623021,0.6666666666666666,0.42857142857142855,1.0
5.0,2024,2,9,DoS,True,0.8678463079459007,0.6666666666666666,0.6666666666666666,0.7391304347826086
5.0,2024,2,10,PortScan,True,0.8540934377624401,1.0,0.8181818181818182,0.9047619047619048
5.0,2024,2,11,PortScan,True,0.7952364762403659,1.0,0.6666666666666666,0.48148148148148145
5.0,2024,2,12,WebAttack,True,0.8426491137800354,0.6666666666666666,0.6666666666666666,0.5384615384615384
5.0,2024,2,13,WebAttack,True,0.8405550532701621,0.6666666666666666,0.6666666666666666,0.48148148148148145
5.0,2024,3,0,Benign,True,0.8374721407091948,0.42857142857142855,0.3333333333333333,0.6666666666666666
5.0,2024,3,1,Benign,True,0.856295234840645,1.0,0.8181818181818182,0.8181818181818182
5.0,2024,3,2,Bot,True,0.8439357666032765,0.42857142857142855,0.6666666666666666,0.5384615384615384
5.0,2024,3,3,Bot,True,0.7799442276592958,0.42857142857142855,0.42857142857142855,0.6
5.0,2024,3,4,BruteForce,True,0.8433455300770882,0.42857142857142855,0.5384615384615384,0.6666666666666666
5.0,2024,3,5,BruteForce,True,0.8543380522589625,0.42857142857142855,0.5384615384615384,0.6
5.0,2024,3,6,DDoS,True,0.8813076208903711,0.6666666666666666,1.0,0.7391304347826086
5.0,2024,3,7,DDoS,True,0.9087102071275737,0.6666666666666666,0.6666666666666666,0.7391304347826086
5.0,2024,3,8,DoS,True,0.8493965763356834,0.6666666666666666,0.5384615384615384,0.6666666666666666
5.0,2024,3,9,DoS,True,0.8625910287103343,1.0,0.6666666666666666,0.7391304347826086
5.0,2024,3,10,PortScan,True,0.9037163044349377,1.0,0.6666666666666666,0.6666666666666666
5.0,2024,3,11,PortScan,True,0.7964720463635326,1.0,0.6666666666666666,0.6
5.0,2024,3,12,WebAttack,True,0.824681520869335,0.25,0.42857142857142855,0.6666666666666666
5.0,2024,3,13,WebAttack,True,0.8328733367372849,0.25,0.5384615384615384,0.7391304347826086
5.0,2024,4,0,Benign,True,0.7687604266389052,0.25,0.42857142857142855,0.6666666666666666
5.0,2024,4,1,Benign,True,0.8440308495252339,1.0,0.6666666666666666,0.8181818181818182
5.0,2024,4,2,Bot,True,0.8481863465627759,0.6666666666666666,0.8181818181818182,0.48148148148148145
5.0,2024,4,3,Bot,True,0.8014531621328502,0.42857142857142855,0.42857142857142855,0.5384615384615384
5.0,2024,4,4,BruteForce,True,0.7478131884613282,0.42857142857142855,0.42857142857142855,0.6666666666666666
5.0,2024,4,5,BruteForce,True,0.7615340169678739,0.42857142857142855,0.42857142857142855,0.6
5.0,2024,4,6,DDoS,True,0.8357478434653606,1.0,0.6666666666666666,0.8181818181818182
5.0,2024,4,7,DDoS,True,0.8449201598050056,0.6666666666666666,0.6666666666666666,0.9047619047619048
5.0,2024,4,8,DoS,True,0.8318029636130757,0.42857142857142855,0.6666666666666666,0.6666666666666666
5.0,2024,4,9,DoS,True,0.8383188106331062,1.0,0.8181818181818182,0.6
5.0,2024,4,10,PortScan,True,0.8785928990042706,1.0,0.5384615384615384,0.8181818181818182
5.0,2024,4,11,PortScan,True,0.8502195919757048,1.0,0.5384615384615384,0.5384615384615384
5.0,2024,4,12,WebAttack,True,0.8288923980214274,0.6666666666666666,0.6666666666666666,0.6
5.0,2024,4,13,WebAttack,True,0.8366223952986181,0.42857142857142855,0.6666666666666666,0.6666666666666666
5.0,2024,5,0,Benign,True,0.836658774772687,0.42857142857142855,0.42857142857142855,0.5384615384615384
5.0,2024,5,1,Benign,True,0.8844866832544109,1.0,0.6666666666666666,0.7391304347826086
5.0,2024,5,2,Bot,True,0.8765762174116578,0.6666666666666666,0.6666666666666666,0.7391304347826086
5.0,2024,5,3,Bot,True,0.7107450534764321,0.25,0.3333333333333333,0.5384615384615384
5.0,2024,5,4,BruteForce,True,0.8401262578810078,0.42857142857142855,0.5384615384615384,0.9047619047619048
5.0,2024,5,5,BruteForce,True,0.8440578959713876,0.42857142857142855,0.6666666666666666,0.7391304347826086
5.0,2024,5,6,DDoS,True,0.8583106367479945,0.6666666666666666,0.6666666666666666,0.7391304347826086
5.0,2024,5,7,DDoS,True,0.8449387937569987,0.6666666666666666,0.5384615384615384,0.8181818181818182
5.0,2024,5,8,DoS,True,0.8903284407752177,1.0,0.8181818181818182,0.8181818181818182
5.0,2024,5,9,DoS,True,0.8931915042285281,1.0,0.8181818181818182,0.6
5.0,2024,5,10,PortScan,True,0.8658464168252793,1.0,0.6666666666666666,0.8181818181818182
5.0,2024,5,11,PortScan,True,0.8341828998440143,0.6666666666666666,0.3333333333333333,0.6666666666666666
5.0,2024,5,12,WebAttack,True,0.8071002586589883,0.25,0.6666666666666666,0.48148148148148145
5.0,2024,5,13,WebAttack,True,0.7990170967947842,0.42857142857142855,0.5384615384615384,0.48148148148148145
5.0,2024,6,0,Benign,True,0.8654375425051446,0.6666666666666666,0.6666666666666666,0.6
5.0,2024,6,1,Benign,True,0.8772166232816224,1.0,0.8181818181818182,0.8181818181818182
5.0,2024,6,2,Bot,True,0.8946857841121418,1.0,0.8181818181818182,0.6666666666666666
5.0,2024,6,3,Bot,True,0.6528663775411326,0.25,0.25,0.5384615384615384
5.0,2024,6,4,BruteForce,True,0.797364263247466,0.6666666666666666,0.5384615384615384,0.6666666666666666
5.0,2024,6,5,BruteForce,True,0.8089394315210485,0.6666666666666666,0.6666666666666666,0.6
5.0,2024,6,6,DDoS,True,0.8345398873252388,0.6666666666666666,0.8181818181818182,0.6666666666666666
5.0,2024,6,7,DDoS,True,0.8622245055704705,0.6666666666666666,0.8181818181818182,0.8181818181818182
5.0,2024,6,8,DoS,True,0.8659639790491345,0.6666666666666666,0.5384615384615384,0.8181818181818182
5.0,2024,6,9,DoS,True,0.8599423653148126,0.6666666666666666,0.6666666666666666,0.6
5.0,2024,6,10,PortScan,True,0.8183602204938485,1.0,0.6666666666666666,0.9047619047619048
5.0,2024,6,11,PortScan,True,0.8258199934449622,0.6666666666666666,0.6666666666666666,0.6
5.0,2024,6,12,WebAttack,True,0.8116580766152461,0.6666666666666666,0.6666666666666666,0.48148148148148145
5.0,2024,6,13,WebAttack,True,0.8033233076428699,0.6666666666666666,0.6666666666666666,0.42857142857142855
5.0,2024,7,0,Benign,True,0.8273033396368848,0.6666666666666666,0.5384615384615384,0.6666666666666666
5.0,2024,7,1,Benign,True,0.8296179155010903,1.0,0.3333333333333333,0.7391304347826086
5.0,2024,7,2,Bot,True,0.8621110081679535,1.0,0.5384615384615384,0.7391304347826086
5.0,2024,7,3,Bot,True,0.7524619521712405,0.6666666666666666,0.3333333333333333,0.5384615384615384
5.0,2024,7,4,BruteForce,True,0.8562834914091488,0.6666666666666666,0.6666666666666666,0.6666666666666666
5.0,2024,7,5,BruteForce,True,0.8475873646823661,0.6666666666666666,0.6666666666666666,0.6
5.0,2024,7,6,DDoS,True,0.8682929513493777,0.6666666666666666,0.8181818181818182,0.8181818181818182
5.0,2024,7,7,DDoS,True,0.8653995918765933,0.6666666666666666,0.8181818181818182,0.7391304347826086
5.0,2024,7,8,DoS,True,0.8555669068585827,0.6666666666666666,0.8181818181818182,0.8181818181818182
5.0,2024,7,9,DoS,True,0.8627573562992481,1.0,0.8181818181818182,0.6
5.0,2024,7,10,PortScan,True,0.8536554185485076,1.0,0.6666666666666666,0.8181818181818182
5.0,2024,7,11,PortScan,True,0.8657091957269788,0.6666666666666666,0.42857142857142855,0.5384615384615384
5.0,2024,7,12,WebAttack,True,0.8023628248042143,0.42857142857142855,0.5384615384615384,0.6
5.0,2024,7,13,WebAttack,True,0.8111186354949583,0.42857142857142855,0.5384615384615384,0.6
5.0,2024,8,0,Benign,True,0.7514367755030787,0.25,0.3333333333333333,0.6
5.0,2024,8,1,Benign,True,0.7482117263328072,0.42857142857142855,0.6666666666666666,0.5384615384615384
5.0,2024,8,2,Bot,True,0.8864349321757891,1.0,0.8181818181818182,0.6666666666666666
5.0,2024,8,3,Bot,True,0.8183871852021397,0.25,0.25,0.6
5.0,2024,8,4,BruteForce,True,0.7937252329285293,0.6666666666666666,0.6666666666666666,0.6666666666666666
5.0,2024,8,5,BruteForce,True,0.7973412950324162,0.6666666666666666,0.6666666666666666,0.6
5.0,2024,8,6,DDoS,True,0.8357448213593188,0.6666666666666666,0.6666666666666666,0.7391304347826086
5.0,2024,8,7,DDoS,True,0.8394938682967685,0.6666666666666666,0.6666666666666666,0.9047619047619048
5.0,2024,8,8,DoS,True,0.8534641548824483,0.6666666666666666,0.6666666666666666,0.9047619047619048
5.0,2024,8,9,DoS,True,0.8175829815954228,0.6666666666666666,0.6666666666666666,0.7391304347826086
5.0,2024,8,10,PortScan,True,0.85418733459415,1.0,0.8181818181818182,0.6666666666666666
5.0,2024,8,11,PortScan,True,0.8982398422345736,1.0,0.42857142857142855,0.6
5.0,2024,8,12,WebAttack,True,0.8458286751314175,0.6666666666666666,0.8181818181818182,0.6666666666666666
5.0,2024,8,13,WebAttack,True,0.8715576405827821,0.6666666666666666,0.8181818181818182,0.6666666666666666
5.0,2024,9,0,Benign,True,0.7855188090750013,0.42857142857142855,0.42857142857142855,0.5384615384615384
5.0,2024,9,1,Benign,True,0.8295157219801454,0.42857142857142855,0.5384615384615384,0.8181818181818182
5.0,2024,9,2,Bot,True,0.8553924094631649,0.6666666666666666,0.5384615384615384,0.6666666666666666
5.0,2024,9,3,Bot,True,0.8201609549112445,0.25,0.42857142857142855,0.6666666666666666
5.0,2024,9,4,BruteForce,True,0.8220606169370166,0.6666666666666666,0.6666666666666666,0.6666666666666666
5.0,2024,9,5,BruteForce,True,0.8098118573806883,0.6666666666666666,0.6666666666666666,0.5384615384615384
5.0,2024,9,6,DDoS,True,0.8103281965606011,0.6666666666666666,0.5384615384615384,0.8181818181818182
5.0,2024,9,7,DDoS,True,0.8486138302791395,1.0,0.5384615384615384,0.8181818181818182
5.0,2024,9,8,DoS,True,0.8232259479807742,0.42857142857142855,0.6666666666666666,0.7391304347826086
5.0,2024,9,9,DoS,True,0.8764124024941369,0.6666666666666666,0.8181818181818182,0.7391304347826086
5.0,2024,9,10,PortScan,True,0.8480103053237467,1.0,0.6666666666666666,0.7391304347826086
5.0,2024,9,11,PortScan,True,0.8422524161369516,1.0,0.5384615384615384,0.6
5.0,2024,9,12,WebAttack,True,0.8068029664663225,0.42857142857142855,0.6666666666666666,0.5384615384615384
5.0,2024,9,13,WebAttack,True,0.8091932523968679,0.42857142857142855,0.6666666666666666,0.6
