alpha,seed,silo,sample_idx,family,family_eligible,kendall_weighted_tau,jaccard_at_5,jaccard_at_10,jaccard_at_20
0.1,42,0,0,Benign,False,0.14654682395445762,0.1111111111111111,0.17647058823529413,0.2903225806451613
0.1,42,0,1,Benign,False,0.6390125229703132,0.42857142857142855,0.42857142857142855,0.17647058823529413
0.1,42,0,2,Bot,True,0.6113521963716742,0.25,0.17647058823529413,0.21212121212121213
0.1,42,0,3,Bot,True,0.26343128696237966,0.1111111111111111,0.17647058823529413,0.2903225806451613
0.1,42,0,4,BruteForce,False,0.1674537978764715,0.1111111111111111,0.17647058823529413,0.17647058823529413
0.1,42,0,5,BruteForce,False,0.2052582854551457,0.1111111111111111,0.1111111111111111,0.21212121212121213
0.1,42,0,6,DDoS,True,0.47869217706739997,0.1111111111111111,0.5384615384615384,0.3333333333333333
0.1,42,0,7,DDoS,True,0.4796896322120788,0.25,0.3333333333333333,0.3333333333333333
0.1,42,0,8,DoS,False,0.5251932082927772,0.1111111111111111,0.17647058823529413,0.2903225806451613
0.1,42,0,9,DoS,False,0.4708653266356684,0.25,0.17647058823529413,0.48148148148148145
0.1,42,0,10,PortScan,True,0.40680314461788136,0.0,0.42857142857142855,0.25
0.1,42,0,11,PortScan,True,0.07624491569585792,0.25,0.3333333333333333,0.42857142857142855
0.1,42,0,12,WebAttack,False,0.5826701670414138,0.42857142857142855,0.3333333333333333,0.25
0.1,42,0,13,WebAttack,False,0.5551998086080445,0.25,0.3333333333333333,0.25
0.1,42,1,0,Benign,True,0.4496161116540741,0.1111111111111111,0.1111111111111111,0.3333333333333333
0.1,42,1,1,Benign,True,0.7866029029385658,0.42857142857142855,0.42857142857142855,0.5384615384615384
0.1,42,1,2,Bot,True,0.6127391322469761,0.42857142857142855,0.25,0.2903225806451613
0.1,42,1,3,Bot,True,0.398787877687022,0.25,0.25,0.2903225806451613
0.1,42,1,4,BruteForce,True,0.7378562263532362,0.6666666666666666,0.8181818181818182,0.42857142857142855
0.1,42,1,5,BruteForce,True,0.725647731276423,0.6666666666666666,0.6666666666666666,0.3793103448275862
0.1,42,1,6,DDoS,False,0.7050826398450241,0.42857142857142855,0.42857142857142855,0.7391304347826086
0.1,42,1,7,DDoS,False,0.7516582938032863,0.42857142857142855,0.5384615384615384,0.7391304347826086
0.1,42,1,8,DoS,True,0.7694496243516431,0.42857142857142855,0.42857142857142855,0.5384615384615384
0.1,42,1,9,DoS,True,0.6861111805177522,0.25,0.5384615384615384,0.6666666666666666
0.1,42,1,10,PortScan,True,0.31244400620854595,0.1111111111111111,0.17647058823529413,0.2903225806451613
0.1,42,1,11,PortScan,True,0.702514271815416,0.42857142857142855,0.25,0.48148148148148145
0.1,42,1,12,WebAttack,False,0.5807503162131922,0.42857142857142855,0.25,0.3333333333333333
0.1,42,1,13,WebAttack,False,0.5717555069741955,0.42857142857142855,0.25,0.3793103448275862
0.1,42,2,0,Benign,True,0.7464994579786143,0.42857142857142855,0.6666666666666666,0.5384615384615384
0.1,42,2,1,Benign,True,0.82075637862074,0.6666666666666666,0.42857142857142855,0.42857142857142855
0.1,42,2,2,Bot,False,0.7121905528554905,0.25,0.5384615384615384,0.5384615384615384
0.1,42,2,3,Bot,False,0.5989164200307094,0.25,0.25,0.48148148148148145
0.1,42,2,4,BruteForce,False,0.774624352584392,0.25,0.42857142857142855,0.48148148148148145
0.1,42,2,5,BruteForce,False,0.7589623824296932,0.25,0.5384615384615384,0.6
0.1,42,2,6,DDoS,True,0.7923914169749373,0.6666666666666666,0.5384615384615384,0.7391304347826086
0.1,42,2,7,DDoS,True,0.7598379944330835,0.6666666666666666,0.6666666666666666,0.6666666666666666
0.1,42,2,8,DoS,True,0.776719859539271,0.25,0.42857142857142855,0.6666666666666666
0.1,42,2,9,DoS,True,0.8233479049832341,0.6666666666666666,0.6666666666666666,0.5384615384615384
0.1,42,2,10,PortScan,False,0.8163639134058245,0.42857142857142855,0.5384615384615384,0.6
0.1,42,2,11,PortScan,False,0.7193497470510856,0.42857142857142855,0.42857142857142855,0.5384615384615384
0.1,42,2,12,WebAttack,True,0.7284487835973567,0.25,0.5384615384615384,0.3333333333333333
0.1,42,2,13,WebAttack,True,0.7117638564056259,0.25,0.5384615384615384,0.3333333333333333
0.1,42,3,0,Benign,False,0.011647071560490482,0.0,0.1111111111111111,0.25
0.1,42,3,1,Benign,False,0.5871152875857952,0.42857142857142855,0.17647058823529413,0.2903225806451613
0.1,42,3,2,Bot,True,0.4627247951333383,0.1111111111111111,0.1111111111111111,0.17647058823529413
0.1,42,3,3,Bot,True,0.37559581372835565,0.42857142857142855,0.25,0.21212121212121213
0.1,42,3,4,BruteForce,False,0.5711259814756111,0.25,0.17647058823529413,0.25
0.1,42,3,5,BruteForce,False,0.6028383990272306,0.42857142857142855,0.17647058823529413,0.3333333333333333
0.1,42,3,6,DDoS,False,0.630239376386071,0.6666666666666666,0.6666666666666666,0.42857142857142855
0.1,42,3,7,DDoS,False,0.6731492110545427,0.25,0.5384615384615384,0.3333333333333333
0.1,42,3,8,DoS,True,0.5910975554614213,0.25,0.25,0.5384615384615384
0.1,42,3,9,DoS,True,0.6166409156991988,0.42857142857142855,0.3333333333333333,0.48148148148148145
0.1,42,3,10,PortScan,False,0.6160386629291507,0.42857142857142855,0.3333333333333333,0.25
0.1,42,3,11,PortScan,False,0.7042141974852967,0.6666666666666666,0.3333333333333333,0.3333333333333333
0.1,42,3,12,WebAttack,True,0.6423618308531018,0.25,0.17647058823529413,0.3333333333333333
0.1,42,3,13,WebAttack,True,0.6624514791983781,0.25,0.17647058823529413,0.3333333333333333
0.1,42,4,0,Benign,True,0.18001233516667728,0.25,0.17647058823529413,0.3333333333333333
0.1,42,4,1,Benign,True,0.6228735366128044,0.42857142857142855,0.42857142857142855,0.3793103448275862
0.1,42,4,2,Bot,True,0.43511507897165935,0.1111111111111111,0.05263157894736842,0.3333333333333333
0.1,42,4,3,Bot,True,0.46982508826412783,0.25,0.25,0.2903225806451613
0.1,42,4,4,BruteForce,True,0.6735268276016738,0.6666666666666666,0.42857142857142855,0.3333333333333333
0.1,42,4,5,BruteForce,True,0.6594902539846836,0.6666666666666666,0.3333333333333333,0.3333333333333333
0.1,42,4,6,DDoS,True,0.7348304257278799,0.6666666666666666,0.6666666666666666,0.6666666666666666
0.1,42,4,7,DDoS,True,0.7252648090482411,0.6666666666666666,0.42857142857142855,0.6
0.1,42,4,8,DoS,False,0.5310735403324952,0.42857142857142855,0.42857142857142855,0.5384615384615384
0.1,42,4,9,DoS,False,0.6441637370746236,0.42857142857142855,0.3333333333333333,0.7391304347826086
0.1,42,4,10,PortScan,True,0.5118737500809702,0.1111111111111111,0.17647058823529413,0.21212121212121213
0.1,42,4,11,PortScan,True,0.6227653302142295,0.25,0.25,0.42857142857142855
0.1,42,4,12,WebAttack,True,0.7160800312718492,0.6666666666666666,0.5384615384615384,0.42857142857142855
0.1,42,4,13,WebAttack,True,0.7099544138490053,0.6666666666666666,0.42857142857142855,0.42857142857142855
0.1,42,5,0,Benign,True,0.6657422212342021,0.25,0.17647058823529413,0.3793103448275862
0.1,42,5,1,Benign,True,0.8052424621220472,0.42857142857142855,0.5384615384615384,0.48148148148148145
0.1,42,5,2,Bot,True,0.6871770262799961,0.1111111111111111,0.25,0.2903225806451613
0.1,42,5,3,Bot,True,0.6342957475081156,0.42857142857142855,0.3333333333333333,0.3333333333333333
0.1,42,5,4,BruteForce,False,0.695094164994311,0.42857142857142855,0.42857142857142855,0.5384615384615384
0.1,42,5,5,BruteForce,False,0.6675736740461001,0.42857142857142855,0.42857142857142855,0.42857142857142855
0.1,42,5,6,DDoS,False,0.7823887143162751,0.6666666666666666,0.42857142857142855,0.6
0.1,42,5,7,DDoS,False,0.7933977406085803,0.6666666666666666,0.6666666666666666,0.6666666666666666
0.1,42,5,8,DoS,True,0.8268878675765864,0.42857142857142855,0.8181818181818182,0.6666666666666666
0.1,42,5,9,DoS,True,0.80297826573361,0.42857142857142855,0.6666666666666666,0.5384615384615384
0.1,42,5,10,PortScan,True,0.5124174424032417,0.42857142857142855,0.42857142857142855,0.48148148148148145
0.1,42,5,11,PortScan,True,0.4785775727922873,0.6666666666666666,0.5384615384615384,0.5384615384615384
0.1,42,5,12,WebAttack,False,0.5375622618140057,0.42857142857142855,0.25,0.48148148148148145
0.1,42,5,13,WebAttack,False,0.5216484928230503,0.42857142857142855,0.25,0.42857142857142855
0.1,42,6,0,Benign,False,0.25393104679251105,0.0,0.25,0.42857142857142855
0.1,42,6,1,Benign,False,0.5959436379049979,0.1111111111111111,0.1111111111111111,0.14285714285714285
0.1,42,6,2,Bot,False,-0.1832991606145778,0.0,0.0,0.17647058823529413
0.1,42,6,3,Bot,False,0.4492821384509846,0.0,0.17647058823529413,0.25
0.1,42,6,4,BruteForce,True,0.5474285037714409,0.42857142857142855,0.25,0.25
0.1,42,6,5,BruteForce,True,0.5879022654457957,0.42857142857142855,0.17647058823529413,0.2903225806451613
0.1,42,6,6,DDoS,True,0.28932195409697226,0.1111111111111111,0.17647058823529413,0.3793103448275862
0.1,42,6,7,DDoS,True,0.1359906232853046,0.1111111111111111,0.17647058823529413,0.3793103448275862
0.1,42,6,8,DoS,False,0.38129681245579095,0.1111111111111111,0.17647058823529413,0.3793103448275862
0.1,42,6,9,DoS,False,0.2097107254715191,0.0,0.0,0.14285714285714285
0.1,42,6,10,PortScan,False,0.5445305723576637,0.1111111111111111,0.17647058823529413,0.5384615384615384
0.1,42,6,11,PortScan,False,0.6104915844773,0.25,0.25,0.48148148148148145
0.1,42,6,12,WebAttack,False,0.5273559290614728,0.1111111111111111,0.17647058823529413,0.3333333333333333
0.1,42,6,13,WebAttack,False,0.47637894920240426,0.1111111111111111,0.1111111111111111,0.2903225806451613
0.1,42,7,0,Benign,True,0.6591300519840064,0.25,0.42857142857142855,0.42857142857142855
0.1,42,7,1,Benign,True,0.8651813527135389,0.6666666666666666,0.8181818181818182,0.8181818181818182
0.1,42,7,2,Bot,False,0.691695949180833,0.42857142857142855,0.42857142857142855,0.48148148148148145
0.1,42,7,3,Bot,False,0.45058705745968786,0.42857142857142855,0.25,0.42857142857142855
0.1,42,7,4,BruteForce,True,0.7245142668861245,0.25,0.5384615384615384,0.42857142857142855
0.1,42,7,5,BruteForce,True,0.7105809171525785,0.25,0.3333333333333333,0.48148148148148145
0.1,42,7,6,DDoS,False,0.7664130449593485,0.42857142857142855,0.5384615384615384,0.6666666666666666
0.1,42,7,7,DDoS,False,0.7919524386021651,0.42857142857142855,0.6666666666666666,0.5384615384615384
0.1,42,7,8,DoS,True,0.7659893332226853,0.42857142857142855,0.42857142857142855,0.6
0.1,42,7,9,DoS,True,0.7843323907849686,0.42857142857142855,0.42857142857142855,0.6
0.1,42,7,10,PortScan,False,0.649709165055466,0.42857142857142855,0.42857142857142855,0.42857142857142855
0.1,42,7,11,PortScan,False,0.8029789865148929,0.6666666666666666,0.42857142857142855,0.42857142857142855
0.1,42,7,12,WebAttack,False,0.7050844407683444,0.42857142857142855,0.42857142857142855,0.5384615384615384
0.1,42,7,13,WebAttack,False,0.6824428098044844,0.42857142857142855,0.42857142857142855,0.5384615384615384
0.1,42,8,0,Benign,True,0.7056414868847547,0.42857142857142855,0.3333333333333333,0.42857142857142855
0.1,42,8,1,Benign,True,0.8260560154061295,0.6666666666666666,0.42857142857142855,0.5384615384615384
0.1,42,8,2,Bot,False,0.7392002836164913,0.25,0.3333333333333333,0.5384615384615384
0.1,42,8,3,Bot,False,0.6774024793261273,0.1111111111111111,0.3333333333333333,0.48148148148148145
0.1,42,8,4,BruteForce,False,0.7694686302322216,0.25,0.5384615384615384,0.42857142857142855
0.1,42,8,5,BruteForce,False,0.7367900417169326,0.25,0.5384615384615384,0.48148148148148145
0.1,42,8,6,DDoS,False,0.8100717204609662,0.42857142857142855,0.42857142857142855,0.8181818181818182
0.1,42,8,7,DDoS,False,0.7701162979484786,0.42857142857142855,0.5384615384615384,0.7391304347826086
0.1,42,8,8,DoS,True,0.7445542698034261,0.6666666666666666,0.42857142857142855,0.6
0.1,42,8,9,DoS,True,0.6961583381162577,0.25,0.5384615384615384,0.48148148148148145
0.1,42,8,10,PortScan,False,0.7142231240539574,0.42857142857142855,0.5384615384615384,0.5384615384615384
0.1,42,8,11,PortScan,False,0.6985249190654959,0.42857142857142855,0.5384615384615384,0.5384615384615384
0.1,42,8,12,WebAttack,False,0.7009244764297893,0.25,0.42857142857142855,0.42857142857142855
0.1,42,8,13,WebAttack,False,0.6684447171751668,0.25,0.42857142857142855,0.42857142857142855
0.1,1337,0,0,Benign,True,0.8122796883478893,0.6666666666666666,0.5384615384615384,0.6
0.1,1337,0,1,Benign,True,0.8680977301892445,0.6666666666666666,0.5384615384615384,0.6666666666666666
0.1,1337,0,2,Bot,False,0.6828484485295117,0.25,0.3333333333333333,0.3333333333333333
0.1,1337,0,3,Bot,False,0.7530623678855015,0.25,0.3333333333333333,0.6666666666666666
0.1,1337,0,4,BruteForce,False,0.7885475523914305,0.25,0.6666666666666666,0.6
0.1,1337,0,5,BruteForce,False,0.7884900127344285,0.25,0.6666666666666666,0.6666666666666666
0.1,1337,0,6,DDoS,True,0.7725684657244563,0.6666666666666666,0.5384615384615384,0.6666666666666666
0.1,1337,0,7,DDoS,True,0.7903686573937877,0.42857142857142855,0.6666666666666666,0.6
0.1,1337,0,8,DoS,False,0.7498783203659919,0.42857142857142855,0.3333333333333333,0.7391304347826086
0.1,1337,0,9,DoS,False,0.5327376140597155,0.1111111111111111,0.42857142857142855,0.48148148148148145
0.1,1337,0,10,PortScan,True,0.7421894194999449,0.25,0.5384615384615384,0.5384615384615384
0.1,1337,0,11,PortScan,True,0.8339692730536691,0.42857142857142855,0.5384615384615384,0.6
0.1,1337,0,12,WebAttack,False,0.6610889163821657,0.25,0.3333333333333333,0.48148148148148145
0.1,1337,0,13,WebAttack,False,0.6319728466319099,0.1111111111111111,0.25,0.42857142857142855
0.1,1337,1,0,Benign,True,0.37667983972838026,0.0,0.17647058823529413,0.2903225806451613
0.1,1337,1,1,Benign,True,0.6545705850697876,0.42857142857142855,0.25,0.25
0.1,1337,1,2,Bot,False,0.48466987947051887,0.25,0.25,0.25
0.1,1337,1,3,Bot,False,0.6791641756619802,0.25,0.3333333333333333,0.42857142857142855
0.1,1337,1,4,BruteForce,False,0.47353437342294236,0.25,0.3333333333333333,0.5384615384615384
0.1,1337,1,5,BruteForce,False,0.48791022246637084,0.42857142857142855,0.3333333333333333,0.5384615384615384
0.1,1337,1,6,DDoS,True,0.4639439862514532,0.1111111111111111,0.17647058823529413,0.3793103448275862
0.1,1337,1,7,DDoS,True,0.27088612447621985,0.0,0.1111111111111111,0.42857142857142855
0.1,1337,1,8,DoS,True,0.3067875506724749,0.1111111111111111,0.25,0.17647058823529413
0.1,1337,1,9,DoS,True,0.2236103428756613,0.0,0.05263157894736842,0.14285714285714285
0.1,1337,1,10,PortScan,False,0.7545116686672546,0.6666666666666666,0.3333333333333333,0.6
0.1,1337,1,11,PortScan,False,0.8495066029198416,0.42857142857142855,0.5384615384615384,0.6666666666666666
0.1,1337,1,12,WebAttack,False,0.682168465310631,0.1111111111111111,0.25,0.3333333333333333
0.1,1337,1,13,WebAttack,False,0.6360179212456847,0.1111111111111111,0.17647058823529413,0.2903225806451613
0.1,1337,2,0,Benign,False,0.44780824949347997,0.25,0.5384615384615384,0.3793103448275862
0.1,1337,2,1,Benign,False,0.6547174022013869,0.1111111111111111,0.3333333333333333,0.42857142857142855
0.1,1337,2,2,Bot,False,0.37098899871883384,0.25,0.25,0.2903225806451613
0.1,1337,2,3,Bot,False,0.5731910628215084,0.25,0.3333333333333333,0.42857142857142855
0.1,1337,2,4,BruteForce,False,0.603169347162555,0.25,0.25,0.5384615384615384
0.1,1337,2,5,BruteForce,False,0.6318194168336801,0.1111111111111111,0.3333333333333333,0.5384615384615384
0.1,1337,2,6,DDoS,True,0.5034730458985721,0.42857142857142855,0.3333333333333333,0.42857142857142855
0.1,1337,2,7,DDoS,True,0.5140441559945996,0.25,0.42857142857142855,0.2903225806451613
0.1,1337,2,8,DoS,False,0.2574397816460169,0.1111111111111111,0.3333333333333333,0.2903225806451613
0.1,1337,2,9,DoS,False,0.4629103553340545,0.0,0.1111111111111111,0.3333333333333333
0.1,1337,2,10,PortScan,True,0.44766626547034205,0.1111111111111111,0.25,0.42857142857142855
0.1,1337,2,11,PortScan,True,0.7617877678320766,0.42857142857142855,0.5384615384615384,0.6
0.1,1337,2,12,WebAttack,False,0.3722338991476302,0.1111111111111111,0.25,0.3333333333333333
0.1,1337,2,13,WebAttack,False,0.3737522322027946,0.1111111111111111,0.17647058823529413,0.3333333333333333
0.1,1337,3,0,Benign,True,0.2912815191545667,0.1111111111111111,0.25,0.3333333333333333
0.1,1337,3,1,Benign,True,0.5350196411127445,0.42857142857142855,0.6666666666666666,0.48148148148148145
0.1,1337,3,2,Bot,True,0.7233745704138667,0.25,0.25,0.42857142857142855
0.1,1337,3,3,Bot,True,0.7737769699948363,0.42857142857142855,0.3333333333333333,0.6666666666666666
0.1,1337,3,4,BruteForce,True,0.6094891126055918,0.1111111111111111,0.3333333333333333,0.42857142857142855
0.1,1337,3,5,BruteForce,True,0.6232840258478966,0.25,0.42857142857142855,0.48148148148148145
0.1,1337,3,6,DDoS,False,0.7988713115207505,0.42857142857142855,0.6666666666666666,0.5384615384615384
0.1,1337,3,7,DDoS,False,0.8083860440302371,0.42857142857142855,0.6666666666666666,0.42857142857142855
0.1,1337,3,8,DoS,True,0.6162733591459997,0.42857142857142855,0.3333333333333333,0.6
0.1,1337,3,9,DoS,True,0.46495157955830346,0.25,0.3333333333333333,0.5384615384615384
0.1,1337,3,10,PortScan,True,0.8003743184023011,0.42857142857142855,0.42857142857142855,0.6
0.1,1337,3,11,PortScan,True,0.8770888417532456,0.6666666666666666,0.8181818181818182,0.7391304347826086
0.1,1337,3,12,WebAttack,False,0.602035703885178,0.25,0.25,0.2903225806451613
0.1,1337,3,13,WebAttack,False,0.6228437648044867,0.1111111111111111,0.25,0.25
0.1,1337,4,0,Benign,True,0.5123136227207118,0.25,0.25,0.25
0.1,1337,4,1,Benign,True,0.565258292954198,0.42857142857142855,0.17647058823529413,0.3793103448275862
0.1,1337,4,2,Bot,True,0.5702705671013995,0.42857142857142855,0.17647058823529413,0.2903225806451613
0.1,1337,4,3,Bot,True,0.6223609235461416,0.25,0.3333333333333333,0.48148148148148145
0.1,1337,4,4,BruteForce,True,0.6101340035674685,0.25,0.42857142857142855,0.6
0.1,1337,4,5,BruteForce,True,0.5923073401894905,0.42857142857142855,0.42857142857142855,0.6
0.1,1337,4,6,DDoS,True,0.7469586707027676,0.6666666666666666,0.5384615384615384,0.6666666666666666
0.1,1337,4,7,DDoS,True,0.8318906851906109,0.6666666666666666,0.42857142857142855,0.6666666666666666
0.1,1337,4,8,DoS,True,0.5707017135098983,0.1111111111111111,0.25,0.6666666666666666
0.1,1337,4,9,DoS,True,0.2885627001349316,0.1111111111111111,0.3333333333333333,0.6666666666666666
0.1,1337,4,10,PortScan,False,0.7560704360434842,0.42857142857142855,0.6666666666666666,0.48148148148148145
0.1,1337,4,11,PortScan,False,0.7503811568188941,0.6666666666666666,0.6666666666666666,0.6
0.1,1337,4,12,WebAttack,False,0.5332731984257079,0.1111111111111111,0.25,0.3333333333333333
0.1,1337,4,13,WebAttack,False,0.5023655032495763,0.25,0.25,0.2903225806451613
0.1,1337,5,0,Benign,False,-0.013802036938558769,0.1111111111111111,0.1111111111111111,0.25
0.1,1337,5,1,Benign,False,0.14044437987636643,0.25,0.3333333333333333,0.2903225806451613
0.1,1337,5,2,Bot,False,0.21463152810425495,0.0,0.0,0.17647058823529413
0.1,1337,5,3,Bot,False,0.4557690838293513,0.25,0.17647058823529413,0.3793103448275862
0.1,1337,5,4,BruteForce,True,0.2851976839122706,0.1111111111111111,0.1111111111111111,0.2903225806451613
0.1,1337,5,5,BruteForce,True,0.29153636534587285,0.1111111111111111,0.17647058823529413,0.2903225806451613
0.1,1337,5,6,DDoS,True,0.6703591186088235,0.42857142857142855,0.5384615384615384,0.3793103448275862
0.1,1337,5,7,DDoS,True,0.6609865168153237,0.25,0.5384615384615384,0.3793103448275862
0.1,1337,5,8,DoS,False,0.4202188804874749,0.1111111111111111,0.3333333333333333,0.48148148148148145
0.1,1337,5,9,DoS,False,0.5020082676717277,0.0,0.3333333333333333,0.5384615384615384
0.1,1337,5,10,PortScan,True,0.26592104749140066,0.1111111111111111,0.1111111111111111,0.25
0.1,1337,5,11,PortScan,True,0.6341967289133296,0.25,0.5384615384615384,0.42857142857142855
0.1,1337,5,12,WebAttack,True,0.46830661871712687,0.1111111111111111,0.1111111111111111,0.25
0.1,1337,5,13,WebAttack,True,0.4316304605690673,0.1111111111111111,0.05263157894736842,0.2903225806451613
0.1,1337,6,0,Benign,True,0.2899689056460105,0.25,0.17647058823529413,0.25
0.1,1337,6,1,Benign,True,0.6204208563529643,0.42857142857142855,0.25,0.2903225806451613
0.1,1337,6,2,Bot,True,0.5815811471754206,0.1111111111111111,0.25,0.3793103448275862
0.1,1337,6,3,Bot,True,0.5249861750408619,0.25,0.1111111111111111,0.25
0.1,1337,6,4,BruteForce,False,0.3215675928991634,0.0,0.25,0.2903225806451613
0.1,1337,6,5,BruteForce,False,0.32013578091905504,0.1111111111111111,0.17647058823529413,0.2903225806451613
0.1,1337,6,6,DDoS,True,0.5516125058321644,0.25,0.25,0.3793103448275862
0.1,1337,6,7,DDoS,True,0.4752155337797297,0.25,0.42857142857142855,0.3333333333333333
0.1,1337,6,8,DoS,False,0.44589129664738736,0.1111111111111111,0.25,0.3333333333333333
0.1,1337,6,9,DoS,False,0.30541810811118375,0.1111111111111111,0.1111111111111111,0.2903225806451613
0.1,1337,6,10,PortScan,True,0.5724548100712432,0.1111111111111111,0.3333333333333333,0.2903225806451613
0.1,1337,6,11,PortScan,True,0.658291114686264,0.6666666666666666,0.3333333333333333,0.3333333333333333
0.1,1337,6,12,WebAttack,True,0.5577731903901281,0.1111111111111111,0.17647058823529413,0.25
0.1,1337,6,13,WebAttack,True,0.5411790825851261,0.1111111111111111,0.1111111111111111,0.25
0.1,1337,7,0,Benign,True,0.28483567683104183,0.25,0.17647058823529413,0.25
0.1,1337,7,1,Benign,True,0.5625556722419442,0.25,0.25,0.3333333333333333
0.1,1337,7,2,Bot,True,0.5802402814719323,0.42857142857142855,0.25,0.3333333333333333
0.1,1337,7,3,Bot,True,0.6309492782108992,0.42857142857142855,0.42857142857142855,0.48148148148148145
0.1,1337,7,4,BruteForce,False,0.5343721582215648,0.42857142857142855,0.25,0.5384615384615384
0.1,1337,7,5,BruteForce,False,0.530984846956148,0.25,0.25,0.48148148148148145
0.1,1337,7,6,DDoS,True,0.703176369148649,0.25,0.3333333333333333,0.5384615384615384
0.1,1337,7,7,DDoS,True,0.6384856752278103,0.25,0.25,0.5384615384615384
0.1,1337,7,8,DoS,True,0.445291007163746,0.25,0.17647058823529413,0.2903225806451613
0.1,1337,7,9,DoS,True,0.3787490207868273,0.1111111111111111,0.17647058823529413,0.2903225806451613
0.1,1337,7,10,PortScan,False,0.5994817308515688,0.6666666666666666,0.42857142857142855,0.48148148148148145
0.1,1337,7,11,PortScan,False,0.606634640618092,0.42857142857142855,0.5384615384615384,0.6
0.1,1337,7,12,WebAttack,False,0.12419631986505639,0.25,0.25,0.3793103448275862
0.1,1337,7,13,WebAttack,False,0.09225238885693719,0.42857142857142855,0.25,0.3793103448275862
0.1,1337,8,0,Benign,False,-0.04735384562902896,0.1111111111111111,0.1111111111111111,0.2903225806451613
0.1,1337,8,1,Benign,False,0.5941314233957946,0.42857142857142855,0.42857142857142855,0.48148148148148145
0.1,1337,8,2,Bot,False,0.6310683831864046,0.1111111111111111,0.17647058823529413,0.42857142857142855
0.1,1337,8,3,Bot,False,0.37489715485031433,0.42857142857142855,0.3333333333333333,0.42857142857142855
0.1,1337,8,4,BruteForce,False,0.42432093522095515,0.25,0.25,0.21212121212121213
0.1,1337,8,5,BruteForce,False,0.42568216170031403,0.1111111111111111,0.3333333333333333,0.25
0.1,1337,8,6,DDoS,False,0.6265272524490293,0.42857142857142855,0.5384615384615384,0.3333333333333333
0.1,1337,8,7,DDoS,False,0.6399950800179801,0.25,0.5384615384615384,0.2903225806451613
0.1,1337,8,8,DoS,False,0.5540214038834982,0.25,0.25,0.42857142857142855
0.1,1337,8,9,DoS,False,0.3700958852211276,0.1111111111111111,0.17647058823529413,0.3793103448275862
0.1,1337,8,10,PortScan,True,0.44928073243941824,0.42857142857142855,0.25,0.6
0.1,1337,8,11,PortScan,True,0.8337517279039635,0.42857142857142855,0.5384615384615384,0.48148148148148145
0.1,1337,8,12,WebAttack,False,0.568356074352715,0.1111111111111111,0.25,0.3333333333333333
0.1,1337,8,13,WebAttack,False,0.5478297643957436,0.1111111111111111,0.1111111111111111,0.3333333333333333
0.1,1337,9,0,Benign,True,0.2982864342174629,0.1111111111111111,0.17647058823529413,0.25
0.1,1337,9,1,Benign,True,0.6841172188340725,0.42857142857142855,0.42857142857142855,0.3793103448275862
0.1,1337,9,2,Bot,True,0.5666951981916564,0.6666666666666666,0.42857142857142855,0.3793103448275862
0.1,1337,9,3,Bot,True,0.6356686677627065,0.42857142857142855,0.17647058823529413,0.3333333333333333
0.1,1337,9,4,BruteForce,True,0.5564104109658902,0.25,0.25,0.48148148148148145
0.1,1337,9,5,BruteForce,True,0.5357759208025343,0.42857142857142855,0.3333333333333333,0.5384615384615384
0.1,1337,9,6,DDoS,True,0.7268044112091843,0.42857142857142855,0.42857142857142855,0.48148148148148145
0.1,1337,9,7,DDoS,True,0.6695651231139638,0.42857142857142855,0.42857142857142855,0.6
0.1,1337,9,8,DoS,True,0.33146578985667663,0.25,0.25,0.3793103448275862
0.1,1337,9,9,DoS,True,0.49894869934495023,0.25,0.42857142857142855,0.5384615384615384
0.1,1337,9,10,PortScan,True,0.7699095054574154,0.25,0.42857142857142855,0.5384615384615384
0.1,1337,9,11,PortScan,True,0.8058171811941295,0.42857142857142855,0.5384615384615384,0.5384615384615384
0.1,1337,9,12,WebAttack,False,0.49345750148565104,0.0,0.17647058823529413,0.2903225806451613
0.1,1337,9,13,WebAttack,False,0.4510029916380528,0.0,0.17647058823529413,0.3333333333333333
0.1,2024,0,0,Benign,True,0.3736433611573218,0.42857142857142855,0.25,0.3793103448275862
0.1,2024,0,1,Benign,True,0.6505868645194606,0.42857142857142855,0.5384615384615384,0.42857142857142855
0.1,2024,0,2,Bot,False,0.7743288961692987,0.42857142857142855,0.42857142857142855,0.5384615384615384
0.1,2024,0,3,Bot,False,0.7723476238680816,0.42857142857142855,0.42857142857142855,0.6666666666666666
0.1,2024,0,4,BruteForce,False,0.7304556085005347,0.42857142857142855,0.5384615384615384,0.6666666666666666
0.1,2024,0,5,BruteForce,False,0.7179745932588821,0.42857142857142855,0.5384615384615384,0.6666666666666666
0.1,2024,0,6,DDoS,True,0.689601248031787,0.42857142857142855,0.42857142857142855,0.3793103448275862
0.1,2024,0,7,DDoS,True,0.6385765486037029,0.25,0.3333333333333333,0.48148148148148145
0.1,2024,0,8,DoS,True,0.6909094037258228,0.1111111111111111,0.3333333333333333,0.42857142857142855
0.1,2024,0,9,DoS,True,0.6090287744592625,0.25,0.3333333333333333,0.3333333333333333
0.1,2024,0,10,PortScan,True,0.2876277503019349,0.42857142857142855,0.42857142857142855,0.42857142857142855
0.1,2024,0,11,PortScan,True,0.6408070076669841,0.6666666666666666,0.8181818181818182,0.48148148148148145
0.1,2024,0,12,WebAttack,False,0.6650935170492465,0.6666666666666666,0.42857142857142855,0.5384615384615384
0.1,2024,0,13,WebAttack,False,0.6532236180131931,0.42857142857142855,0.42857142857142855,0.5384615384615384
0.1,2024,1,0,Benign,True,0.6607289422830587,0.25,0.25,0.48148148148148145
0.1,2024,1,1,Benign,True,0.8635594959433754,0.6666666666666666,0.6666666666666666,0.6666666666666666
0.1,2024,1,2,Bot,False,0.8496603538138029,0.42857142857142855,0.6666666666666666,0.8181818181818182
0.1,2024,1,3,Bot,False,0.8389370479387706,0.25,0.6666666666666666,0.6666666666666666
0.1,2024,1,4,BruteForce,True,0.7609131936830258,0.6666666666666666,0.6666666666666666,0.5384615384615384
0.1,2024,1,5,BruteForce,True,0.764221963041385,0.6666666666666666,0.6666666666666666,0.5384615384615384
0.1,2024,1,6,DDoS,True,0.767698973327982,0.42857142857142855,0.5384615384615384,0.5384615384615384
0.1,2024,1,7,DDoS,True,0.7752955311328565,0.42857142857142855,0.42857142857142855,0.5384615384615384
0.1,2024,1,8,DoS,True,0.8155677280601648,0.25,0.42857142857142855,0.48148148148148145
0.1,2024,1,9,DoS,True,0.8368282995497363,0.42857142857142855,0.42857142857142855,0.7391304347826086
0.1,2024,1,10,PortScan,False,0.6072232564082847,0.42857142857142855,0.3333333333333333,0.42857142857142855
0.1,2024,1,11,PortScan,False,0.8975886120164834,0.6666666666666666,0.6666666666666666,0.9047619047619048
0.1,2024,1,12,WebAttack,False,0.7122345683452782,0.6666666666666666,0.3333333333333333,0.6
0.1,2024,1,13,WebAttack,False,0.7412115802857946,0.6666666666666666,0.3333333333333333,0.6
0.1,2024,2,0,Benign,True,0.2600253039093859,0.1111111111111111,0.17647058823529413,0.42857142857142855
0.1,2024,2,1,Benign,True,0.5936307690249126,0.42857142857142855,0.42857142857142855,0.3793103448275862
0.1,2024,2,2,Bot,False,0.6842600533276781,0.1111111111111111,0.25,0.48148148148148145
0.1,2024,2,3,Bot,False,0.6527386282928529,0.25,0.42857142857142855,0.5384615384615384
0.1,2024,2,4,BruteForce,False,0.6306960193522648,0.1111111111111111,0.6666666666666666,0.48148148148148145
0.1,2024,2,5,BruteForce,False,0.6515499059105011,0.1111111111111111,0.6666666666666666,0.48148148148148145
0.1,2024,2,6,DDoS,True,0.5728606639510363,0.25,0.5384615384615384,0.48148148148148145
0.1,2024,2,7,DDoS,True,0.6669000284847151,0.42857142857142855,0.3333333333333333,0.6666666666666666
0.1,2024,2,8,DoS,True,0.6754495527051527,0.25,0.25,0.42857142857142855
0.1,2024,2,9,DoS,True,0.5956241500260423,0.42857142857142855,0.5384615384615384,0.48148148148148145
0.1,2024,2,10,PortScan,True,0.5204183524732292,0.25,0.42857142857142855,0.48148148148148145
0.1,2024,2,11,PortScan,True,0.5608880028065546,0.42857142857142855,0.3333333333333333,0.48148148148148145
0.1,2024,2,12,WebAttack,True,0.5803491227113851,0.25,0.3333333333333333,0.5384615384615384
0.1,2024,2,13,WebAttack,True,0.5728876990478879,0.1111111111111111,0.3333333333333333,0.6
0.1,2024,3,0,Benign,True,-0.0686384182704945,0.0,0.1111111111111111,0.25
0.1,2024,3,1,Benign,True,0.4266306017273357,0.42857142857142855,0.25,0.21212121212121213
0.1,2024,3,2,Bot,False,0.544958550554282,0.1111111111111111,0.05263157894736842,0.14285714285714285
0.1,2024,3,3,Bot,False,0.24730154241350227,0.1111111111111111,0.25,0.2903225806451613
0.1,2024,3,4,BruteForce,True,0.3502928759788825,0.1111111111111111,0.1111111111111111,0.25
0.1,2024,3,5,BruteForce,True,0.341612890205509,0.1111111111111111,0.1111111111111111,0.21212121212121213
0.1,2024,3,6,DDoS,False,0.6177917112429054,0.42857142857142855,0.3333333333333333,0.2903225806451613
0.1,2024,3,7,DDoS,False,0.6697054245081503,0.42857142857142855,0.6666666666666666,0.5384615384615384
0.1,2024,3,8,DoS,False,0.45571937926435746,0.42857142857142855,0.17647058823529413,0.48148148148148145
0.1,2024,3,9,DoS,False,0.5674152941123218,0.25,0.3333333333333333,0.6
0.1,2024,3,10,PortScan,True,0.33219737980290903,0.0,0.1111111111111111,0.17647058823529413
0.1,2024,3,11,PortScan,True,0.46325890787576124,0.0,0.17647058823529413,0.25
0.1,2024,3,12,WebAttack,False,0.4826416984024139,0.1111111111111111,0.17647058823529413,0.21212121212121213
0.1,2024,3,13,WebAttack,False,0.445722462163012,0.0,0.17647058823529413,0.21212121212121213
0.1,2024,4,0,Benign,True,0.21092054221337167,0.25,0.25,0.3333333333333333
0.1,2024,4,1,Benign,True,0.7840890153258918,0.42857142857142855,0.5384615384615384,0.5384615384615384
0.1,2024,4,2,Bot,True,0.798478651660103,0.25,0.42857142857142855,0.6
0.1,2024,4,3,Bot,True,0.7725930964229433,0.42857142857142855,0.6666666666666666,0.7391304347826086
0.1,2024,4,4,BruteForce,False,0.5832343742157304,0.6666666666666666,0.5384615384615384,0.6
0.1,2024,4,5,BruteForce,False,0.620020969081376,0.6666666666666666,0.5384615384615384,0.6
0.1,2024,4,6,DDoS,True,0.6229179660558886,0.1111111111111111,0.42857142857142855,0.42857142857142855
0.1,2024,4,7,DDoS,True,0.5292180662619896,0.1111111111111111,0.42857142857142855,0.6
0.1,2024,4,8,DoS,True,0.7867046257227278,0.25,0.3333333333333333,0.6
0.1,2024,4,9,DoS,True,0.6258578969699575,0.25,0.25,0.3333333333333333
0.1,2024,4,10,PortScan,True,0.6524586843186513,0.42857142857142855,0.42857142857142855,0.5384615384615384
0.1,2024,4,11,PortScan,True,0.7375923529825694,0.6666666666666666,0.5384615384615384,0.48148148148148145
0.1,2024,4,12,WebAttack,True,0.7019705939128624,0.25,0.3333333333333333,0.5384615384615384
0.1,2024,4,13,WebAttack,True,0.7150553469347416,0.1111111111111111,0.3333333333333333,0.5384615384615384
0.1,2024,5,0,Benign,True,-0.003348493093466451,0.1111111111111111,0.17647058823529413,0.2903225806451613
0.1,2024,5,1,Benign,True,0.5822413386241836,0.42857142857142855,0.3333333333333333,0.3333333333333333
0.1,2024,5,2,Bot,True,0.7178901458163975,0.25,0.42857142857142855,0.5384615384615384
0.1,2024,5,3,Bot,True,0.6315932230929728,0.25,0.5384615384615384,0.5384615384615384
0.1,2024,5,4,BruteForce,False,0.4333061313761891,0.25,0.3333333333333333,0.42857142857142855
0.1,2024,5,5,BruteForce,False,0.44523837723867205,0.25,0.3333333333333333,0.42857142857142855
0.1,2024,5,6,DDoS,False,0.6032988348276187,0.6666666666666666,0.25,0.3333333333333333
0.1,2024,5,7,DDoS,False,0.706268057534547,0.6666666666666666,0.6666666666666666,0.5384615384615384
0.1,2024,5,8,DoS,True,0.6369825297370171,0.25,0.25,0.3793103448275862
0.1,2024,5,9,DoS,True,0.6367144391393567,0.25,0.25,0.48148148148148145
0.1,2024,5,10,PortScan,True,0.5969566246782576,0.25,0.42857142857142855,0.3333333333333333
0.1,2024,5,11,PortScan,True,0.6875419323588179,0.42857142857142855,0.42857142857142855,0.42857142857142855
0.1,2024,5,12,WebAttack,False,0.4887309480197719,0.1111111111111111,0.17647058823529413,0.3793103448275862
0.1,2024,5,13,WebAttack,False,0.5185640723051989,0.1111111111111111,0.17647058823529413,0.3793103448275862
0.1,2024,6,0,Benign,True,0.5538423853599629,0.1111111111111111,0.42857142857142855,0.5384615384615384
0.1,2024,6,1,Benign,True,0.8347461499402444,0.6666666666666666,0.3333333333333333,0.48148148148148145
0.1,2024,6,2,Bot,False,0.8617884211182112,0.42857142857142855,0.6666666666666666,0.7391304347826086
0.1,2024,6,3,Bot,False,0.8465610664931623,0.42857142857142855,0.5384615384615384,0.6666666666666666
0.1,2024,6,4,BruteForce,True,0.8042794333613854,0.25,0.5384615384615384,0.7391304347826086
0.1,2024,6,5,BruteForce,True,0.8206633223599861,0.25,0.5384615384615384,0.7391304347826086
0.1,2024,6,6,DDoS,True,0.7893272805858087,1.0,0.6666666666666666,0.48148148148148145
0.1,2024,6,7,DDoS,True,0.8691586720085207,0.6666666666666666,0.8181818181818182,0.6
0.1,2024,6,8,DoS,True,0.7993323467947309,0.6666666666666666,0.42857142857142855,0.5384615384615384
0.1,2024,6,9,DoS,True,0.7578684370827645,0.42857142857142855,0.5384615384615384,0.5384615384615384
0.1,2024,6,10,PortScan,False,0.6449840133299489,0.6666666666666666,0.42857142857142855,0.6666666666666666
0.1,2024,6,11,PortScan,False,0.8902963977942737,0.6666666666666666,0.5384615384615384,0.6666666666666666
0.1,2024,6,12,WebAttack,False,0.7865121066292603,0.25,0.5384615384615384,0.6666666666666666
0.1,2024,6,13,WebAttack,False,0.8023167088817187,0.42857142857142855,0.6666666666666666,0.6666666666666666
0.1,2024,7,0,Benign,True,0.5513730067180158,0.25,0.25,0.42857142857142855
0.1,2024,7,1,Benign,True,0.8204794057469035,0.6666666666666666,0.8181818181818182,0.48148148148148145
0.1,2024,7,2,Bot,True,0.7557941416551837,0.42857142857142855,0.5384615384615384,0.6666666666666666
0.1,2024,7,3,Bot,True,0.6704990799384855,0.25,0.25,0.5384615384615384
0.1,2024,7,4,BruteForce,True,0.8088910017120388,0.6666666666666666,0.5384615384615384,0.7391304347826086
0.1,2024,7,5,BruteForce,True,0.807316617156789,0.6666666666666666,0.5384615384615384,0.7391304347826086
0.1,2024,7,6,DDoS,False,0.7942059837140945,1.0,0.6666666666666666,0.6666666666666666
0.1,2024,7,7,DDoS,False,0.8873225891822576,0.6666666666666666,0.6666666666666666,0.8181818181818182
0.1,2024,7,8,DoS,True,0.8026451957357512,1.0,0.42857142857142855,0.6
0.1,2024,7,9,DoS,True,0.8679219049555896,0.42857142857142855,0.5384615384615384,0.6
0.1,2024,7,10,PortScan,False,0.6646657464747319,0.42857142857142855,0.42857142857142855,0.6
0.1,2024,7,11,PortScan,False,0.8383035529474483,0.6666666666666666,1.0,0.7391304347826086
0.1,2024,7,12,WebAttack,True,0.41496862743788243,0.42857142857142855,0.3333333333333333,0.48148148148148145
0.1,2024,7,13,WebAttack,True,0.4479304833468343,0.25,0.3333333333333333,0.48148148148148145
0.1,2024,8,0,Benign,True,0.31750951219468954,0.1111111111111111,0.17647058823529413,0.2903225806451613
0.1,2024,8,1,Benign,True,0.6879293785990019,0.42857142857142855,0.5384615384615384,0.42857142857142855
0.1,2024,8,2,Bot,False,0.8144122045219178,0.6666666666666666,0.5384615384615384,0.48148148148148145
0.1,2024,8,3,Bot,False,0.7609225803865634,0.25,0.3333333333333333,0.48148148148148145
0.1,2024,8,4,BruteForce,True,0.7425210998459777,0.6666666666666666,0.5384615384615384,0.5384615384615384
0.1,2024,8,5,BruteForce,True,0.7452971844572012,0.6666666666666666,0.5384615384615384,0.6
0.1,2024,8,6,DDoS,False,0.3255063989741232,0.42857142857142855,0.42857142857142855,0.42857142857142855
0.1,2024,8,7,DDoS,False,0.4775035959846391,0.42857142857142855,0.6666666666666666,0.5384615384615384
0.1,2024,8,8,DoS,False,0.5037642442308461,0.6666666666666666,0.3333333333333333,0.48148148148148145
0.1,2024,8,9,DoS,False,0.6461846876681621,0.25,0.42857142857142855,0.6
0.1,2024,8,10,PortScan,False,0.5924430732497501,0.25,0.3333333333333333,0.3333333333333333
0.1,2024,8,11,PortScan,False,0.6138974151328715,0.6666666666666666,0.5384615384615384,0.48148148148148145
0.1,2024,8,12,WebAttack,False,0.8096863757477728,0.25,0.3333333333333333,0.48148148148148145
0.1,2024,8,13,WebAttack,False,0.8019074960076555,0.1111111111111111,0.3333333333333333,0.42857142857142855
0.1,2024,9,0,Benign,True,0.4435495581208072,0.42857142857142855,0.17647058823529413,0.2903225806451613
0.1,2024,9,1,Benign,True,0.7980377333636923,0.42857142857142855,0.5384615384615384,0.48148148148148145
0.1,2024,9,2,Bot,False,0.7993902535820798,0.42857142857142855,0.25,0.5384615384615384
0.1,2024,9,3,Bot,False,0.7926233366553472,0.6666666666666666,0.42857142857142855,0.5384615384615384
0.1,2024,9,4,BruteForce,True,0.6709204281494037,0.42857142857142855,0.5384615384615384,0.3793103448275862
0.1,2024,9,5,BruteForce,True,0.6804736854340244,0.42857142857142855,0.5384615384615384,0.3793103448275862
0.1,2024,9,6,DDoS,False,0.7129465164463062,0.25,0.42857142857142855,0.42857142857142855
0.1,2024,9,7,DDoS,False,0.6331123264676881,0.1111111111111111,0.25,0.5384615384615384
0.1,2024,9,8,DoS,True,0.6626225031230476,0.25,0.42857142857142855,0.3793103448275862
0.1,2024,9,9,DoS,True,0.49581423087672327,0.1111111111111111,0.1111111111111111,0.2903225806451613
0.1,2024,9,10,PortScan,False,0.3560225287220825,0.42857142857142855,0.25,0.3333333333333333
0.1,2024,9,11,PortScan,False,0.7134792421508775,0.6666666666666666,0.42857142857142855,0.42857142857142855
0.1,2024,9,12,WebAttack,False,0.40650699067694834,0.25,0.42857142857142855,0.48148148148148145
0.1,2024,9,13,WebAttack,False,0.3815730564571478,0.1111111111111111,0.42857142857142855,0.42857142857142855
0.5,42,0,0,Benign,True,0.5032947919730542,0.42857142857142855,0.25,0.3793103448275862
0.5,42,0,1,Benign,True,0.7149223900178856,0.42857142857142855,0.6666666666666666,0.6
0.5,42,0,2,Bot,True,0.7868262744521021,0.6666666666666666,0.42857142857142855,0.3793103448275862
0.5,42,0,3,Bot,True,0.665020636893718,0.25,0.5384615384615384,0.5384615384615384
0.5,42,0,4,BruteForce,True,0.8099833946424974,0.6666666666666666,0.6666666666666666,0.42857142857142855
0.5,42,0,5,BruteForce,True,0.7874576368622547,0.6666666666666666,0.6666666666666666,0.42857142857142855
0.5,42,0,6,DDoS,True,0.8068952934085447,0.42857142857142855,0.3333333333333333,0.7391304347826086
0.5,42,0,7,DDoS,True,0.7700999055850358,0.6666666666666666,0.5384615384615384,0.6
0.5,42,0,8,DoS,True,0.8140922261961954,0.42857142857142855,0.42857142857142855,0.5384615384615384
0.5,42,0,9,DoS,True,0.8094972030316594,0.6666666666666666,0.5384615384615384,0.5384615384615384
0.5,42,0,10,PortScan,True,0.750124963190208,0.6666666666666666,0.42857142857142855,0.3793103448275862
0.5,42,0,11,PortScan,True,0.8347647125570957,1.0,0.6666666666666666,0.6666666666666666
0.5,42,0,12,WebAttack,True,0.7644084034008924,0.6666666666666666,0.5384615384615384,0.6
0.5,42,0,13,WebAttack,True,0.7413193289431839,0.6666666666666666,0.42857142857142855,0.5384615384615384
0.5,42,1,0,Benign,True,0.6914245250502036,0.42857142857142855,0.42857142857142855,0.6
0.5,42,1,1,Benign,True,0.813083486253096,1.0,0.42857142857142855,0.6
0.5,42,1,2,Bot,False,0.8339010834140514,0.6666666666666666,0.6666666666666666,0.5384615384615384
0.5,42,1,3,Bot,False,0.7183997412297541,0.6666666666666666,0.5384615384615384,0.6666666666666666
0.5,42,1,4,BruteForce,True,0.7849525772647348,0.6666666666666666,0.5384615384615384,0.6666666666666666
0.5,42,1,5,BruteForce,True,0.779878257368285,0.42857142857142855,0.5384615384615384,0.6666666666666666
0.5,42,1,6,DDoS,True,0.828787720431831,0.6666666666666666,0.8181818181818182,0.7391304347826086
0.5,42,1,7,DDoS,True,0.8462079681015289,0.6666666666666666,0.5384615384615384,0.7391304347826086
0.5,42,1,8,DoS,True,0.8400134802920701,0.25,0.5384615384615384,0.6666666666666666
0.5,42,1,9,DoS,True,0.8764262624023229,0.42857142857142855,0.8181818181818182,0.7391304347826086
0.5,42,1,10,PortScan,True,0.8320606770312058,0.6666666666666666,0.8181818181818182,0.6666666666666666
0.5,42,1,11,PortScan,True,0.847341497542961,1.0,0.8181818181818182,0.7391304347826086
0.5,42,1,12,WebAttack,True,0.8365844749741911,0.6666666666666666,0.42857142857142855,0.7391304347826086
0.5,42,1,13,WebAttack,True,0.8300072025030825,0.6666666666666666,0.42857142857142855,0.6
0.5,42,2,0,Benign,True,0.7968246079666685,0.6666666666666666,0.5384615384615384,0.6
0.5,42,2,1,Benign,True,0.8757972787276251,0.6666666666666666,0.5384615384615384,0.6666666666666666
0.5,42,2,2,Bot,True,0.8369255662198254,0.6666666666666666,0.5384615384615384,0.5384615384615384
0.5,42,2,3,Bot,True,0.7894051165624394,0.6666666666666666,0.6666666666666666,0.6666666666666666
0.5,42,2,4,BruteForce,True,0.8436226509665159,0.42857142857142855,0.5384615384615384,0.6666666666666666
0.5,42,2,5,BruteForce,True,0.8201833644421128,0.42857142857142855,0.6666666666666666,0.6
0.5,42,2,6,DDoS,True,0.8748363627258657,0.6666666666666666,0.6666666666666666,0.8181818181818182
0.5,42,2,7,DDoS,True,0.8732940619104181,0.6666666666666666,0.6666666666666666,0.6666666666666666
0.5,42,2,8,DoS,True,0.8973991636733867,0.6666666666666666,0.6666666666666666,0.9047619047619048
0.5,42,2,9,DoS,True,0.9240080865334828,0.6666666666666666,1.0,0.7391304347826086
0.5,42,2,10,PortScan,True,0.8318682558983602,0.6666666666666666,0.6666666666666666,0.7391304347826086
0.5,42,2,11,PortScan,True,0.8203818520179093,0.6666666666666666,0.6666666666666666,0.6666666666666666
0.5,42,2,12,WebAttack,True,0.8102271202340565,0.6666666666666666,0.6666666666666666,0.7391304347826086
0.5,42,2,13,WebAttack,True,0.8061257848810612,0.6666666666666666,0.5384615384615384,0.7391304347826086
0.5,42,3,0,Benign,True,0.270686779174118,0.25,0.1111111111111111,0.21212121212121213
0.5,42,3,1,Benign,True,0.6619751298532953,0.25,0.3333333333333333,0.3793103448275862
0.5,42,3,2,Bot,True,0.6305442131703256,0.42857142857142855,0.25,0.2903225806451613
0.5,42,3,3,Bot,True,0.6321170974065794,0.1111111111111111,0.3333333333333333,0.3333333333333333
0.5,42,3,4,BruteForce,True,0.5952942223291879,0.42857142857142855,0.5384615384615384,0.2903225806451613
0.5,42,3,5,BruteForce,True,0.587733415713639,0.42857142857142855,0.42857142857142855,0.2903225806451613
0.5,42,3,6,DDoS,True,0.7231011402437788,0.1111111111111111,0.6666666666666666,0.6
0.5,42,3,7,DDoS,True,0.7003584418206241,0.42857142857142855,0.42857142857142855,0.6
0.5,42,3,8,DoS,True,0.7527202770154675,0.42857142857142855,0.3333333333333333,0.5384615384615384
0.5,42,3,9,DoS,True,0.6432735225287751,0.25,0.42857142857142855,0.48148148148148145
0.5,42,3,10,PortScan,True,0.7247041529638378,0.6666666666666666,0.3333333333333333,0.3333333333333333
0.5,42,3,11,PortScan,True,0.7457227112607269,0.6666666666666666,0.5384615384615384,0.48148148148148145
0.5,42,3,12,WebAttack,True,0.6459582182812662,0.42857142857142855,0.25,0.3793103448275862
0.5,42,3,13,WebAttack,True,0.6428193827412017,0.42857142857142855,0.3333333333333333,0.2903225806451613
0.5,42,4,0,Benign,True,0.7684889881494814,0.6666666666666666,0.5384615384615384,0.5384615384615384
0.5,42,4,1,Benign,True,0.875732133145477,0.6666666666666666,0.6666666666666666,0.7391304347826086
0.5,42,4,2,Bot,True,0.7720873402826495,0.42857142857142855,0.6666666666666666,0.48148148148148145
0.5,42,4,3,Bot,True,0.7925498653968182,0.6666666666666666,0.6666666666666666,0.6666666666666666
0.5,42,4,4,BruteForce,True,0.7577529965341783,0.6666666666666666,0.6666666666666666,0.6
0.5,42,4,5,BruteForce,True,0.7438044809520403,0.6666666666666666,0.6666666666666666,0.6
0.5,42,4,6,DDoS,True,0.86368589520534,0.6666666666666666,0.6666666666666666,0.7391304347826086
0.5,42,4,7,DDoS,True,0.8689874651614017,0.6666666666666666,0.8181818181818182,0.8181818181818182
0.5,42,4,8,DoS,True,0.8895731777113323,0.42857142857142855,1.0,0.9047619047619048
0.5,42,4,9,DoS,True,0.8656496215953329,0.6666666666666666,1.0,0.7391304347826086
0.5,42,4,10,PortScan,True,0.7493101522447045,0.6666666666666666,0.6666666666666666,0.6666666666666666
0.5,42,4,11,PortScan,True,0.8805826058429067,1.0,0.8181818181818182,0.5384615384615384
0.5,42,4,12,WebAttack,True,0.8424503737440117,1.0,0.6666666666666666,0.6
0.5,42,4,13,WebAttack,True,0.8044055928968821,0.6666666666666666,0.8181818181818182,0.6
0.5,42,5,0,Benign,False,0.26449714021544346,0.25,0.17647058823529413,0.17647058823529413
0.5,42,5,1,Benign,False,0.48804124605998,0.1111111111111111,0.25,0.42857142857142855
0.5,42,5,2,Bot,True,0.6706806112542107,0.42857142857142855,0.5384615384615384,0.42857142857142855
0.5,42,5,3,Bot,True,0.6070154609764371,0.1111111111111111,0.3333333333333333,0.48148148148148145
0.5,42,5,4,BruteForce,True,0.37675208572637287,0.25,0.3333333333333333,0.3793103448275862
0.5,42,5,5,BruteForce,True,0.3645339731666873,0.25,0.3333333333333333,0.3793103448275862
0.5,42,5,6,DDoS,True,0.6775571074079713,0.25,0.42857142857142855,0.48148148148148145
0.5,42,5,7,DDoS,True,0.5155966990660695,0.25,0.3333333333333333,0.48148148148148145
0.5,42,5,8,DoS,True,0.7385882116105222,0.42857142857142855,0.25,0.42857142857142855
0.5,42,5,9,DoS,True,0.6631831244704813,0.42857142857142855,0.25,0.42857142857142855
0.5,42,5,10,PortScan,True,0.6823278798339074,0.6666666666666666,0.42857142857142855,0.2903225806451613
0.5,42,5,11,PortScan,True,0.7686339746482644,1.0,0.5384615384615384,0.48148148148148145
0.5,42,5,12,WebAttack,True,0.6158310026117089,0.42857142857142855,0.3333333333333333,0.42857142857142855
0.5,42,5,13,WebAttack,True,0.599514972271443,0.42857142857142855,0.42857142857142855,0.42857142857142855
0.5,42,6,0,Benign,True,0.7107701028883607,0.25,0.42857142857142855,0.5384615384615384
0.5,42,6,1,Benign,True,0.8567361027586904,0.6666666666666666,0.5384615384615384,0.6
0.5,42,6,2,Bot,False,0.7688473624742315,0.25,0.5384615384615384,0.5384615384615384
0.5,42,6,3,Bot,False,0.7476060911993208,0.6666666666666666,0.6666666666666666,0.6
0.5,42,6,4,BruteForce,True,0.7950438607554251,0.42857142857142855,0.8181818181818182,0.48148148148148145
0.5,42,6,5,BruteForce,True,0.7717771072659525,0.6666666666666666,0.8181818181818182,0.48148148148148145
0.5,42,6,6,DDoS,True,0.8099336618048406,0.42857142857142855,0.6666666666666666,0.8181818181818182
0.5,42,6,7,DDoS,True,0.7920380758162301,0.42857142857142855,0.6666666666666666,0.7391304347826086
0.5,42,6,8,DoS,True,0.8256591222491699,0.42857142857142855,0.5384615384615384,0.8181818181818182
0.5,42,6,9,DoS,True,0.8052774326391858,0.42857142857142855,0.8181818181818182,0.6666666666666666
0.5,42,6,10,PortScan,True,0.6709367582256465,0.42857142857142855,0.6666666666666666,0.6
0.5,42,6,11,PortScan,True,0.864098067448155,1.0,0.6666666666666666,0.6
0.5,42,6,12,WebAttack,True,0.7051985927791393,0.1111111111111111,0.5384615384615384,0.48148148148148145
0.5,42,6,13,WebAttack,True,0.6899248900948938,0.25,0.5384615384615384,0.42857142857142855
0.5,42,7,0,Benign,True,0.7593604805423675,0.25,0.3333333333333333,0.6
0.5,42,7,1,Benign,True,0.8183591923516986,0.6666666666666666,0.5384615384615384,0.6
0.5,42,7,2,Bot,True,0.6671782570206999,0.25,0.5384615384615384,0.5384615384615384
0.5,42,7,3,Bot,True,0.6766148986463301,0.6666666666666666,0.42857142857142855,0.6
0.5,42,7,4,BruteForce,False,0.7624726189038851,0.6666666666666666,0.6666666666666666,0.5384615384615384
0.5,42,7,5,BruteForce,False,0.7374509641012714,0.6666666666666666,0.5384615384615384,0.5384615384615384
0.5,42,7,6,DDoS,True,0.8539044431338397,1.0,0.8181818181818182,0.8181818181818182
0.5,42,7,7,DDoS,True,0.8585944054389363,0.6666666666666666,0.6666666666666666,0.8181818181818182
0.5,42,7,8,DoS,True,0.8876933922045669,0.6666666666666666,0.6666666666666666,0.9047619047619048
0.5,42,7,9,DoS,True,0.8653530874703599,1.0,0.8181818181818182,0.7391304347826086
0.5,42,7,10,PortScan,True,0.6412920532015597,0.6666666666666666,0.6666666666666666,0.6
0.5,42,7,11,PortScan,True,0.8130084783041926,0.6666666666666666,0.5384615384615384,0.48148148148148145
0.5,42,7,12,WebAttack,True,0.8056155338563492,0.6666666666666666,0.6666666666666666,0.6666666666666666
0.5,42,7,13,WebAttack,True,0.7992686943161507,0.6666666666666666,0.6666666666666666,0.6666666666666666
0.5,42,8,0,Benign,True,0.536024942184102,0.6666666666666666,0.25,0.3793103448275862
0.5,42,8,1,Benign,True,0.7331592951188632,0.42857142857142855,0.8181818181818182,0.6666666666666666
0.5,42,8,2,Bot,True,0.7823965815139755,0.6666666666666666,0.42857142857142855,0.48148148148148145
0.5,42,8,3,Bot,True,0.7496522076746868,0.25,0.42857142857142855,0.6
0.5,42,8,4,BruteForce,True,0.6915880586911156,0.42857142857142855,0.42857142857142855,0.2903225806451613
0.5,42,8,5,BruteForce,True,0.7009293483705005,0.42857142857142855,0.42857142857142855,0.2903225806451613
0.5,42,8,6,DDoS,True,0.8152606789116335,0.42857142857142855,0.6666666666666666,0.5384615384615384
0.5,42,8,7,DDoS,True,0.757300379795074,0.6666666666666666,0.6666666666666666,0.6666666666666666
0.5,42,8,8,DoS,True,0.7849437443836478,0.6666666666666666,0.3333333333333333,0.6
0.5,42,8,9,DoS,True,0.7801172005887399,0.42857142857142855,0.6666666666666666,0.6
0.5,42,8,10,PortScan,True,0.837770731245552,0.6666666666666666,0.42857142857142855,0.42857142857142855
0.5,42,8,11,PortScan,True,0.8334795125325194,1.0,0.6666666666666666,0.6
0.5,42,8,12,WebAttack,False,0.7818814610383176,1.0,0.6666666666666666,0.6
0.5,42,8,13,WebAttack,False,0.7571914537920246,1.0,0.5384615384615384,0.5384615384615384
0.5,42,9,0,Benign,True,0.7285940357108116,0.25,0.42857142857142855,0.5384615384615384
0.5,42,9,1,Benign,True,0.8916932638406687,1.0,0.8181818181818182,0.6666666666666666
0.5,42,9,2,Bot,True,0.8259339051896895,0.6666666666666666,0.42857142857142855,0.5384615384615384
0.5,42,9,3,Bot,True,0.8067841190615359,0.6666666666666666,0.5384615384615384,0.6666666666666666
0.5,42,9,4,BruteForce,True,0.7907186599286274,0.6666666666666666,0.6666666666666666,0.42857142857142855
0.5,42,9,5,BruteForce,True,0.7766212473519121,0.6666666666666666,0.6666666666666666,0.3793103448275862
0.5,42,9,6,DDoS,True,0.8716042744454591,1.0,0.6666666666666666,0.8181818181818182
0.5,42,9,7,DDoS,True,0.8875823887585335,0.25,0.6666666666666666,0.7391304347826086
0.5,42,9,8,DoS,True,0.8557582216293065,0.25,0.8181818181818182,1.0
0.5,42,9,9,DoS,True,0.8890051934265408,0.6666666666666666,0.8181818181818182,0.7391304347826086
0.5,42,9,10,PortScan,True,0.8837977730335635,0.6666666666666666,0.8181818181818182,0.6666666666666666
0.5,42,9,11,PortScan,True,0.8790016132617677,1.0,0.6666666666666666,0.5384615384615384
0.5,42,9,12,WebAttack,True,0.857033953772626,0.42857142857142855,0.8181818181818182,0.7391304347826086
0.5,42,9,13,WebAttack,True,0.8423683841595266,0.42857142857142855,0.6666666666666666,0.6666666666666666
0.5,1337,0,0,Benign,True,0.8447859788311045,0.42857142857142855,0.6666666666666666,0.6666666666666666
0.5,1337,0,1,Benign,True,0.8785180738007181,0.6666666666666666,0.8181818181818182,0.7391304347826086
0.5,1337,0,2,Bot,True,0.7734502159435226,0.42857142857142855,0.42857142857142855,0.48148148148148145
0.5,1337,0,3,Bot,True,0.749657344733014,1.0,0.6666666666666666,0.6666666666666666
0.5,1337,0,4,BruteForce,True,0.8541667295490295,0.42857142857142855,0.8181818181818182,0.7391304347826086
0.5,1337,0,5,BruteForce,True,0.8335971508477792,0.42857142857142855,0.5384615384615384,0.8181818181818182
0.5,1337,0,6,DDoS,True,0.866423633282932,0.6666666666666666,0.8181818181818182,0.8181818181818182
0.5,1337,0,7,DDoS,True,0.85987654489156,0.6666666666666666,0.8181818181818182,0.9047619047619048
0.5,1337,0,8,DoS,True,0.839186572172239,0.42857142857142855,0.42857142857142855,0.7391304347826086
0.5,1337,0,9,DoS,True,0.8220538171655728,0.6666666666666666,0.6666666666666666,0.6666666666666666
0.5,1337,0,10,PortScan,True,0.7900832440931356,0.6666666666666666,0.5384615384615384,0.6666666666666666
0.5,1337,0,11,PortScan,True,0.9014394243283875,1.0,0.8181818181818182,0.5384615384615384
0.5,1337,0,12,WebAttack,True,0.8307839266196788,0.6666666666666666,0.5384615384615384,0.6
0.5,1337,0,13,WebAttack,True,0.8048260979777717,0.42857142857142855,0.42857142857142855,0.5384615384615384
0.5,1337,1,0,Benign,True,0.6301535798853684,0.42857142857142855,0.5384615384615384,0.5384615384615384
0.5,1337,1,1,Benign,True,0.7848777579114766,0.6666666666666666,0.5384615384615384,0.6666666666666666
0.5,1337,1,2,Bot,True,0.757773060625444,0.25,0.42857142857142855,0.42857142857142855
0.5,1337,1,3,Bot,True,0.7167375813534023,0.42857142857142855,0.5384615384615384,0.6
0.5,1337,1,4,BruteForce,True,0.6625521717346611,0.42857142857142855,0.5384615384615384,0.5384615384615384
0.5,1337,1,5,BruteForce,True,0.630259360624488,0.42857142857142855,0.42857142857142855,0.48148148148148145
0.5,1337,1,6,DDoS,True,0.8369307472631096,0.42857142857142855,0.5384615384615384,0.6666666666666666
0.5,1337,1,7,DDoS,True,0.8182491379318031,0.25,0.6666666666666666,0.7391304347826086
0.5,1337,1,8,DoS,True,0.8341451182237596,0.6666666666666666,0.8181818181818182,0.5384615384615384
0.5,1337,1,9,DoS,True,0.8244689925888611,0.6666666666666666,0.42857142857142855,0.6666666666666666
0.5,1337,1,10,PortScan,True,0.8065625156639764,1.0,0.6666666666666666,0.7391304347826086
0.5,1337,1,11,PortScan,True,0.8624539063241055,0.6666666666666666,0.6666666666666666,0.5384615384615384
0.5,1337,1,12,WebAttack,False,0.8692073503495663,1.0,0.6666666666666666,0.7391304347826086
0.5,1337,1,13,WebAttack,False,0.8260610383670782,0.6666666666666666,0.5384615384615384,0.6666666666666666
0.5,1337,2,0,Benign,True,0.59515634428295,0.42857142857142855,0.42857142857142855,0.42857142857142855
0.5,1337,2,1,Benign,True,0.795818576638647,1.0,0.6666666666666666,0.7391304347826086
0.5,1337,2,2,Bot,True,0.7505844966649653,0.42857142857142855,0.42857142857142855,0.5384615384615384
0.5,1337,2,3,Bot,True,0.6841580426123841,0.25,0.3333333333333333,0.48148148148148145
0.5,1337,2,4,BruteForce,False,0.8306857485787977,1.0,0.42857142857142855,0.48148148148148145
0.5,1337,2,5,BruteForce,False,0.8185219335293711,1.0,0.42857142857142855,0.5384615384615384
0.5,1337,2,6,DDoS,True,0.7414764080713405,0.25,0.42857142857142855,0.6
0.5,1337,2,7,DDoS,True,0.7328358822728644,0.25,0.5384615384615384,0.8181818181818182
0.5,1337,2,8,DoS,True,0.8097801327725214,1.0,0.6666666666666666,0.6666666666666666
0.5,1337,2,9,DoS,True,0.7882605644364711,0.42857142857142855,0.42857142857142855,0.7391304347826086
0.5,1337,2,10,PortScan,True,0.7719566775242461,0.42857142857142855,0.42857142857142855,0.42857142857142855
0.5,1337,2,11,PortScan,True,0.7151124519682996,0.6666666666666666,0.5384615384615384,0.42857142857142855
0.5,1337,2,12,WebAttack,True,0.7978432724681839,0.6666666666666666,0.5384615384615384,0.5384615384615384
0.5,1337,2,13,WebAttack,True,0.7521903918464854,0.42857142857142855,0.5384615384615384,0.48148148148148145
0.5,1337,3,0,Benign,True,0.7478830511843263,0.6666666666666666,0.5384615384615384,0.48148148148148145
0.5,1337,3,1,Benign,True,0.8617733115988297,1.0,0.8181818181818182,0.6666666666666666
0.5,1337,3,2,Bot,True,0.7266067567980444,0.25,0.42857142857142855,0.5384615384615384
0.5,1337,3,3,Bot,True,0.7804625171013913,0.6666666666666666,0.8181818181818182,0.6
0.5,1337,3,4,BruteForce,True,0.7823059673367236,0.6666666666666666,0.42857142857142855,0.48148148148148145
0.5,1337,3,5,BruteForce,True,0.7688058923417371,0.6666666666666666,0.42857142857142855,0.6666666666666666
0.5,1337,3,6,DDoS,True,0.8421785561574802,0.42857142857142855,0.5384615384615384,0.6666666666666666
0.5,1337,3,7,DDoS,True,0.8440297834050959,0.6666666666666666,0.5384615384615384,0.6666666666666666
0.5,1337,3,8,DoS,True,0.824526354503687,0.25,0.6666666666666666,0.7391304347826086
0.5,1337,3,9,DoS,True,0.7892547869196638,0.6666666666666666,0.42857142857142855,0.6
0.5,1337,3,10,PortScan,True,0.8289416923652992,0.6666666666666666,0.42857142857142855,0.6
0.5,1337,3,11,PortScan,True,0.8914605883589886,0.6666666666666666,0.6666666666666666,0.5384615384615384
0.5,1337,3,12,WebAttack,False,0.8440661872534831,0.6666666666666666,0.5384615384615384,0.6
0.5,1337,3,13,WebAttack,False,0.7917196526749735,0.42857142857142855,0.5384615384615384,0.5384615384615384
0.5,1337,4,0,Benign,False,0.3333084485862798,0.1111111111111111,0.3333333333333333,0.3333333333333333
0.5,1337,4,1,Benign,False,0.6893862896157084,0.6666666666666666,0.6666666666666666,0.5384615384615384
0.5,1337,4,2,Bot,True,0.3151344289053043,0.0,0.17647058823529413,0.3333333333333333
0.5,1337,4,3,Bot,True,0.37929649581477465,0.1111111111111111,0.17647058823529413,0.2903225806451613
0.5,1337,4,4,BruteForce,True,0.6523757307407099,0.42857142857142855,0.3333333333333333,0.3333333333333333
0.5,1337,4,5,BruteForce,True,0.6523423129948038,0.42857142857142855,0.3333333333333333,0.42857142857142855
0.5,1337,4,6,DDoS,True,0.6037689842922961,0.1111111111111111,0.42857142857142855,0.5384615384615384
0.5,1337,4,7,DDoS,True,0.5253905507474653,0.1111111111111111,0.3333333333333333,0.48148148148148145
0.5,1337,4,8,DoS,True,0.7327964572752583,0.25,0.25,0.5384615384615384
0.5,1337,4,9,DoS,True,0.6989129702745736,0.42857142857142855,0.25,0.48148148148148145
0.5,1337,4,10,PortScan,True,0.5624010999511573,0.6666666666666666,0.42857142857142855,0.48148148148148145
0.5,1337,4,11,PortScan,True,0.714416840589291,0.42857142857142855,0.3333333333333333,0.48148148148148145
0.5,1337,4,12,WebAttack,True,0.5354875898541877,0.42857142857142855,0.25,0.3793103448275862
0.5,1337,4,13,WebAttack,True,0.5039883800447416,0.42857142857142855,0.25,0.42857142857142855
0.5,1337,5,0,Benign,True,0.6689679517317437,0.6666666666666666,0.5384615384615384,0.5384615384615384
0.5,1337,5,1,Benign,True,0.812618894596161,0.6666666666666666,0.8181818181818182,0.7391304347826086
0.5,1337,5,2,Bot,True,0.7479969927381298,0.42857142857142855,0.42857142857142855,0.5384615384615384
0.5,1337,5,3,Bot,True,0.7684147682133007,0.6666666666666666,0.8181818181818182,0.5384615384615384
0.5,1337,5,4,BruteForce,True,0.8454483941351029,1.0,0.5384615384615384,0.48148148148148145
0.5,1337,5,5,BruteForce,True,0.8182898130026663,1.0,0.42857142857142855,0.5384615384615384
0.5,1337,5,6,DDoS,True,0.8292583929547734,0.25,0.42857142857142855,0.6
0.5,1337,5,7,DDoS,True,0.8227632994594019,0.6666666666666666,0.6666666666666666,0.9047619047619048
0.5,1337,5,8,DoS,True,0.8088998482117237,0.42857142857142855,0.5384615384615384,0.6666666666666666
0.5,1337,5,9,DoS,True,0.7909098411247244,0.6666666666666666,0.6666666666666666,0.6
0.5,1337,5,10,PortScan,True,0.744216950992824,0.6666666666666666,0.42857142857142855,0.5384615384615384
0.5,1337,5,11,PortScan,True,0.8260082952937573,1.0,0.6666666666666666,0.6
0.5,1337,5,12,WebAttack,True,0.848471147344319,0.42857142857142855,0.8181818181818182,0.5384615384615384
0.5,1337,5,13,WebAttack,True,0.7832670333932472,0.42857142857142855,0.5384615384615384,0.5384615384615384
0.5,1337,6,0,Benign,True,0.7907936850465093,0.6666666666666666,0.6666666666666666,0.5384615384615384
0.5,1337,6,1,Benign,True,0.8618661622709621,0.6666666666666666,0.5384615384615384,0.6666666666666666
0.5,1337,6,2,Bot,True,0.7787165628560737,0.25,0.25,0.6666666666666666
0.5,1337,6,3,Bot,True,0.8033969643272476,0.42857142857142855,0.5384615384615384,0.5384615384615384
0.5,1337,6,4,BruteForce,True,0.7869408032960854,0.6666666666666666,0.6666666666666666,0.5384615384615384
0.5,1337,6,5,BruteForce,True,0.7847471017032015,0.6666666666666666,0.6666666666666666,0.6666666666666666
0.5,1337,6,6,DDoS,True,0.8482998818529955,0.42857142857142855,0.6666666666666666,0.6666666666666666
0.5,1337,6,7,DDoS,True,0.8042499747905172,0.42857142857142855,0.6666666666666666,0.7391304347826086
0.5,1337,6,8,DoS,True,0.7958177248744098,0.25,0.42857142857142855,0.6
0.5,1337,6,9,DoS,True,0.7753681079153475,0.42857142857142855,0.5384615384615384,0.7391304347826086
0.5,1337,6,10,PortScan,True,0.8537264741750308,0.6666666666666666,0.5384615384615384,0.6666666666666666
0.5,1337,6,11,PortScan,True,0.9215433488269285,1.0,0.6666666666666666,0.8181818181818182
0.5,1337,6,12,WebAttack,True,0.8228630019032102,0.42857142857142855,0.5384615384615384,0.6
0.5,1337,6,13,WebAttack,True,0.7602328951201504,0.42857142857142855,0.3333333333333333,0.6
0.5,1337,7,0,Benign,True,0.4299939468138164,0.1111111111111111,0.3333333333333333,0.2903225806451613
0.5,1337,7,1,Benign,True,0.5923816683851255,0.42857142857142855,0.5384615384615384,0.3793103448275862
0.5,1337,7,2,Bot,True,0.6614128863920592,0.25,0.25,0.48148148148148145
0.5,1337,7,3,Bot,True,0.5046853304805747,0.1111111111111111,0.25,0.3333333333333333
0.5,1337,7,4,BruteForce,False,0.6118282467910403,0.6666666666666666,0.3333333333333333,0.3793103448275862
0.5,1337,7,5,BruteForce,False,0.6213077944540348,0.6666666666666666,0.3333333333333333,0.42857142857142855
0.5,1337,7,6,DDoS,True,0.5671447502993722,0.1111111111111111,0.3333333333333333,0.48148148148148145
0.5,1337,7,7,DDoS,True,0.49621848398433804,0.25,0.42857142857142855,0.48148148148148145
0.5,1337,7,8,DoS,True,0.7094861580208115,0.25,0.3333333333333333,0.5384615384615384
0.5,1337,7,9,DoS,True,0.6172645413359565,0.42857142857142855,0.3333333333333333,0.5384615384615384
0.5,1337,7,10,PortScan,True,0.6037663812040583,0.6666666666666666,0.42857142857142855,0.48148148148148145
0.5,1337,7,11,PortScan,True,0.6381930206607216,0.42857142857142855,0.42857142857142855,0.42857142857142855
0.5,1337,7,12,WebAttack,True,0.533628178233531,0.25,0.25,0.3793103448275862
0.5,1337,7,13,WebAttack,True,0.4963762001980082,0.25,0.25,0.42857142857142855
0.5,1337,8,0,Benign,True,0.762708702858659,0.42857142857142855,0.5384615384615384,0.6
0.5,1337,8,1,Benign,True,0.820147849250924,0.6666666666666666,0.6666666666666666,0.7391304347826086
0.5,1337,8,2,Bot,True,0.7804731367570279,0.42857142857142855,0.3333333333333333,0.42857142857142855
0.5,1337,8,3,Bot,True,0.8226318792430899,1.0,0.5384615384615384,0.7391304347826086
0.5,1337,8,4,BruteForce,True,0.7923425802689477,0.42857142857142855,0.6666666666666666,0.6
0.5,1337,8,5,BruteForce,True,0.7937462741296392,0.42857142857142855,0.5384615384615384,0.6666666666666666
0.5,1337,8,6,DDoS,True,0.8423910218976063,0.6666666666666666,0.8181818181818182,0.9047619047619048
0.5,1337,8,7,DDoS,True,0.8499281002554273,0.6666666666666666,0.8181818181818182,0.9047619047619048
0.5,1337,8,8,DoS,True,0.8661034972626815,1.0,0.5384615384615384,0.8181818181818182
0.5,1337,8,9,DoS,True,0.8750247506947939,0.6666666666666666,0.8181818181818182,0.8181818181818182
0.5,1337,8,10,PortScan,True,0.8521184685816414,0.6666666666666666,0.5384615384615384,0.7391304347826086
0.5,1337,8,11,PortScan,True,0.9152682831437242,1.0,0.8181818181818182,0.6666666666666666
0.5,1337,8,12,WebAttack,True,0.7437258053581028,0.42857142857142855,0.42857142857142855,0.5384615384615384
0.5,1337,8,13,WebAttack,True,0.7049984372559774,0.42857142857142855,0.42857142857142855,0.48148148148148145
0.5,1337,9,0,Benign,True,0.8231178204077111,0.42857142857142855,0.42857142857142855,0.6666666666666666
0.5,1337,9,1,Benign,True,0.8639364235314815,0.6666666666666666,0.8181818181818182,0.6666666666666666
0.5,1337,9,2,Bot,True,0.778292643204191,0.42857142857142855,0.3333333333333333,0.5384615384615384
0.5,1337,9,3,Bot,True,0.7818638827907489,0.6666666666666666,0.6666666666666666,0.6
0.5,1337,9,4,BruteForce,True,0.8322427619181891,0.6666666666666666,0.6666666666666666,0.6
0.5,1337,9,5,BruteForce,True,0.8172389372473882,0.6666666666666666,0.5384615384615384,0.6666666666666666
0.5,1337,9,6,DDoS,True,0.7354823920465492,0.6666666666666666,0.5384615384615384,0.6666666666666666
0.5,1337,9,7,DDoS,True,0.7880047912919443,0.6666666666666666,0.6666666666666666,0.8181818181818182
0.5,1337,9,8,DoS,True,0.7458102567622492,0.6666666666666666,0.42857142857142855,0.6666666666666666
0.5,1337,9,9,DoS,True,0.8101116742723977,0.42857142857142855,0.6666666666666666,0.8181818181818182
0.5,1337,9,10,PortScan,True,0.8300902287075999,0.6666666666666666,0.5384615384615384,0.6666666666666666
0.5,1337,9,11,PortScan,True,0.8610026598161415,1.0,0.5384615384615384,0.6666666666666666
0.5,1337,9,12,WebAttack,True,0.8046703028773885,0.25,0.5384615384615384,0.6666666666666666
0.5,1337,9,13,WebAttack,True,0.7863131766217673,0.25,0.42857142857142855,0.6
0.5,2024,0,0,Benign,True,0.5892997757859068,0.42857142857142855,0.5384615384615384,0.48148148148148145
0.5,2024,0,1,Benign,True,0.760154612794845,0.6666666666666666,0.5384615384615384,0.6
0.5,2024,0,2,Bot,True,0.7743429658037797,0.6666666666666666,0.5384615384615384,0.3793103448275862
0.5,2024,0,3,Bot,True,0.7375023449906359,0.42857142857142855,0.3333333333333333,0.42857142857142855
0.5,2024,0,4,BruteForce,False,0.7886789850362651,0.42857142857142855,0.42857142857142855,0.5384615384615384
0.5,2024,0,5,BruteForce,False,0.8028668060591504,0.42857142857142855,0.3333333333333333,0.6
0.5,2024,0,6,DDoS,True,0.8295333104656886,0.42857142857142855,0.8181818181818182,0.6
0.5,2024,0,7,DDoS,True,0.8492417790127055,0.6666666666666666,0.8181818181818182,0.6
0.5,2024,0,8,DoS,True,0.8543170271765357,0.42857142857142855,0.8181818181818182,0.6666666666666666
0.5,2024,0,9,DoS,True,0.7915154559029475,0.6666666666666666,0.8181818181818182,0.5384615384615384
0.5,2024,0,10,PortScan,True,0.8326399464439105,0.6666666666666666,0.42857142857142855,0.7391304347826086
0.5,2024,0,11,PortScan,True,0.8115704125152075,0.6666666666666666,0.5384615384615384,0.5384615384615384
0.5,2024,0,12,WebAttack,False,0.8003933028660543,0.42857142857142855,0.42857142857142855,0.6
0.5,2024,0,13,WebAttack,False,0.8097170591768805,0.42857142857142855,0.42857142857142855,0.6666666666666666
0.5,2024,1,0,Benign,True,0.7332205977889252,0.42857142857142855,0.6666666666666666,0.5384615384615384
0.5,2024,1,1,Benign,True,0.8213202109045954,0.6666666666666666,0.5384615384615384,0.6666666666666666
0.5,2024,1,2,Bot,True,0.7825789559106833,0.42857142857142855,0.6666666666666666,0.48148148148148145
0.5,2024,1,3,Bot,True,0.7841773994610837,0.42857142857142855,0.5384615384615384,0.6
0.5,2024,1,4,BruteForce,True,0.766072212541237,0.6666666666666666,0.6666666666666666,0.6666666666666666
0.5,2024,1,5,BruteForce,True,0.7862100939992285,0.6666666666666666,0.6666666666666666,0.6666666666666666
0.5,2024,1,6,DDoS,True,0.8108693073003101,0.42857142857142855,0.5384615384615384,0.6666666666666666
0.5,2024,1,7,DDoS,True,0.8163785042458984,0.42857142857142855,0.5384615384615384,0.5384615384615384
0.5,2024,1,8,DoS,True,0.769126005334549,0.42857142857142855,0.8181818181818182,0.6
0.5,2024,1,9,DoS,True,0.7959855665704987,0.6666666666666666,0.5384615384615384,0.5384615384615384
0.5,2024,1,10,PortScan,True,0.8296360154793146,0.6666666666666666,0.42857142857142855,0.7391304347826086
0.5,2024,1,11,PortScan,True,0.8951375696982927,0.6666666666666666,0.6666666666666666,0.5384615384615384
0.5,2024,1,12,WebAttack,True,0.7169410331022426,1.0,0.5384615384615384,0.6
0.5,2024,1,13,WebAttack,True,0.737733560379316,1.0,0.5384615384615384,0.6666666666666666
0.5,2024,2,0,Benign,True,0.7001356086633749,0.42857142857142855,0.6666666666666666,0.6
0.5,2024,2,1,Benign,True,0.8134469289228536,0.6666666666666666,0.8181818181818182,0.7391304347826086
0.5,2024,2,2,Bot,True,0.7784686733944189,0.42857142857142855,0.6666666666666666,0.5384615384615384
0.5,2024,2,3,Bot,True,0.7274963810639583,0.42857142857142855,0.42857142857142855,0.3793103448275862
0.5,2024,2,4,BruteForce,True,0.6942665240527803,0.6666666666666666,0.3333333333333333,0.6666666666666666
0.5,2024,2,5,BruteForce,True,0.7162002402456872,0.6666666666666666,0.6666666666666666,0.6666666666666666
0.5,2024,2,6,DDoS,True,0.8614257892142638,0.6666666666666666,0.8181818181818182,0.6666666666666666
0.5,2024,2,7,DDoS,True,0.8442974739311369,0.42857142857142855,1.0,0.6666666666666666
0.5,2024,2,8,DoS,True,0.838576247836373,0.42857142857142855,0.6666666666666666,0.7391304347826086
0.5,2024,2,9,DoS,True,0.8172186665860894,1.0,0.8181818181818182,0.6666666666666666
0.5,2024,2,10,PortScan,True,0.8599494322815437,0.6666666666666666,0.5384615384615384,0.8181818181818182
0.5,2024,2,11,PortScan,True,0.8676858545920991,0.6666666666666666,0.6666666666666666,0.6
0.5,2024,2,12,WebAttack,True,0.8226664939005848,1.0,0.6666666666666666,0.48148148148148145
0.5,2024,2,13,WebAttack,True,0.8397553355205645,1.0,0.6666666666666666,0.5384615384615384
0.5,2024,3,0,Benign,True,0.5873356123658074,0.42857142857142855,0.42857142857142855,0.42857142857142855
0.5,2024,3,1,Benign,True,0.7984663093901622,0.6666666666666666,0.5384615384615384,0.6666666666666666
0.5,2024,3,2,Bot,True,0.6795947194635135,0.42857142857142855,0.5384615384615384,0.3333333333333333
0.5,2024,3,3,Bot,True,0.7401360183455432,0.6666666666666666,0.42857142857142855,0.48148148148148145
0.5,2024,3,4,BruteForce,True,0.7323335791124677,1.0,0.5384615384615384,0.6
0.5,2024,3,5,BruteForce,True,0.7508029351885883,1.0,0.6666666666666666,0.6
0.5,2024,3,6,DDoS,True,0.8234983046041298,0.6666666666666666,0.8181818181818182,0.6
0.5,2024,3,7,DDoS,True,0.7747497208746834,0.42857142857142855,0.6666666666666666,0.5384615384615384
0.5,2024,3,8,DoS,True,0.8225831587504946,0.42857142857142855,0.8181818181818182,0.8181818181818182
0.5,2024,3,9,DoS,True,0.7982143760483553,0.6666666666666666,0.6666666666666666,0.6666666666666666
0.5,2024,3,10,PortScan,True,0.7932482384625392,0.6666666666666666,0.5384615384615384,0.6666666666666666
0.5,2024,3,11,PortScan,True,0.8552183663848945,0.6666666666666666,0.6666666666666666,0.48148148148148145
0.5,2024,3,12,WebAttack,True,0.7936539866669432,0.42857142857142855,0.6666666666666666,0.6666666666666666
0.5,2024,3,13,WebAttack,True,0.8193283472083916,0.42857142857142855,0.8181818181818182,0.7391304347826086
0.5,2024,4,0,Benign,True,0.7131816861046305,0.42857142857142855,0.42857142857142855,0.5384615384615384
0.5,2024,4,1,Benign,True,0.8589957710021228,0.6666666666666666,0.6666666666666666,0.6
0.5,2024,4,2,Bot,True,0.7438063295278234,0.6666666666666666,0.8181818181818182,0.48148148148148145
0.5,2024,4,3,Bot,True,0.7244824617298355,0.6666666666666666,0.3333333333333333,0.5384615384615384
0.5,2024,4,4,BruteForce,True,0.8251312800605843,0.42857142857142855,0.6666666666666666,0.7391304347826086
0.5,2024,4,5,BruteForce,True,0.8478403949248523,1.0,0.6666666666666666,0.6666666666666666
0.5,2024,4,6,DDoS,True,0.8049627624184206,0.42857142857142855,0.6666666666666666,0.6666666666666666
0.5,2024,4,7,DDoS,True,0.8375493767261153,0.6666666666666666,0.6666666666666666,0.6
0.5,2024,4,8,DoS,True,0.8593965957185072,0.42857142857142855,0.8181818181818182,0.7391304347826086
0.5,2024,4,9,DoS,True,0.863809895066326,0.6666666666666666,0.6666666666666666,0.6666666666666666
0.5,2024,4,10,PortScan,True,0.8651777095742754,0.6666666666666666,0.6666666666666666,0.8181818181818182
0.5,2024,4,11,PortScan,True,0.8553879103273643,0.6666666666666666,0.6666666666666666,0.5384615384615384
0.5,2024,4,12,WebAttack,False,0.7897984653555395,0.42857142857142855,0.3333333333333333,0.48148148148148145
0.5,2024,4,13,WebAttack,False,0.8023585738106851,0.42857142857142855,0.3333333333333333,0.5384615384615384
0.5,2024,5,0,Benign,True,0.6727863885590848,0.6666666666666666,0.5384615384615384,0.48148148148148145
0.5,2024,5,1,Benign,True,0.8148498727669231,0.42857142857142855,0.8181818181818182,0.6666666666666666
0.5,2024,5,2,Bot,True,0.8075412364560326,0.42857142857142855,0.6666666666666666,0.48148148148148145
0.5,2024,5,3,Bot,True,0.7215390736654809,1.0,0.5384615384615384,0.42857142857142855
0.5,2024,5,4,BruteForce,True,0.5921914402721772,0.42857142857142855,0.42857142857142855,0.7391304347826086
0.5,2024,5,5,BruteForce,True,0.6120977616919028,0.6666666666666666,0.42857142857142855,0.6666666666666666
0.5,2024,5,6,DDoS,True,0.7894556243252531,0.42857142857142855,0.6666666666666666,0.6666666666666666
0.5,2024,5,7,DDoS,True,0.8373361689995454,0.42857142857142855,0.6666666666666666,0.6
0.5,2024,5,8,DoS,True,0.7864983556460455,0.25,0.6666666666666666,0.6666666666666666
0.5,2024,5,9,DoS,True,0.7634123150150725,0.6666666666666666,0.8181818181818182,0.5384615384615384
0.5,2024,5,10,PortScan,True,0.8495439687961898,0.6666666666666666,0.8181818181818182,0.8181818181818182
0.5,2024,5,11,PortScan,True,0.8649062200086189,0.6666666666666666,0.8181818181818182,0.6
0.5,2024,5,12,WebAttack,True,0.7422516116415803,0.6666666666666666,0.5384615384615384,0.5384615384615384
0.5,2024,5,13,WebAttack,True,0.7577817708308283,0.6666666666666666,0.5384615384615384,0.6
0.5,2024,6,0,Benign,True,0.6883422704255417,0.42857142857142855,0.5384615384615384,0.5384615384615384
0.5,2024,6,1,Benign,True,0.8538447804239144,0.6666666666666666,0.8181818181818182,0.7391304347826086
0.5,2024,6,2,Bot,True,0.8133512737296913,0.42857142857142855,0.8181818181818182,0.5384615384615384
0.5,2024,6,3,Bot,True,0.7997225088387424,0.6666666666666666,0.42857142857142855,0.6
0.5,2024,6,4,BruteForce,True,0.8591408259610984,0.6666666666666666,0.5384615384615384,0.9047619047619048
0.5,2024,6,5,BruteForce,True,0.86455382499664,0.6666666666666666,0.6666666666666666,0.8181818181818182
0.5,2024,6,6,DDoS,True,0.8532271072629551,0.6666666666666666,0.8181818181818182,0.6666666666666666
0.5,2024,6,7,DDoS,True,0.8528475831815711,0.42857142857142855,0.6666666666666666,0.6
0.5,2024,6,8,DoS,True,0.7611949456844338,0.42857142857142855,0.6666666666666666,0.6666666666666666
0.5,2024,6,9,DoS,True,0.8625869582767418,0.6666666666666666,0.6666666666666666,0.6666666666666666
0.5,2024,6,10,PortScan,True,0.8538023211762683,0.6666666666666666,0.5384615384615384,0.6666666666666666
0.5,2024,6,11,PortScan,True,0.8646378742251939,1.0,0.6666666666666666,0.6
0.5,2024,6,12,WebAttack,True,0.8283340229766261,0.6666666666666666,0.5384615384615384,0.5384615384615384
0.5,2024,6,13,WebAttack,True,0.8436022842358601,0.6666666666666666,0.5384615384615384,0.6
0.5,2024,7,0,Benign,True,0.8427917136380193,0.6666666666666666,0.6666666666666666,0.7391304347826086
0.5,2024,7,1,Benign,True,0.8959468267676125,0.6666666666666666,0.8181818181818182,0.6
0.5,2024,7,2,Bot,True,0.8293436292019843,0.6666666666666666,0.6666666666666666,0.5384615384615384
0.5,2024,7,3,Bot,True,0.8250771515581243,0.6666666666666666,0.3333333333333333,0.5384615384615384
0.5,2024,7,4,BruteForce,True,0.7372278511408477,0.42857142857142855,0.42857142857142855,0.7391304347826086
0.5,2024,7,5,BruteForce,True,0.7604840174345031,0.42857142857142855,0.5384615384615384,0.6666666666666666
0.5,2024,7,6,DDoS,True,0.8449018332644211,0.6666666666666666,0.8181818181818182,0.6
0.5,2024,7,7,DDoS,True,0.8327812547856794,0.42857142857142855,0.6666666666666666,0.6666666666666666
0.5,2024,7,8,DoS,True,0.8756426990545361,0.42857142857142855,0.6666666666666666,0.6666666666666666
0.5,2024,7,9,DoS,True,0.8435541120260973,1.0,0.8181818181818182,0.5384615384615384
0.5,2024,7,10,PortScan,True,0.859609489934507,0.6666666666666666,0.42857142857142855,0.8181818181818182
0.5,2024,7,11,PortScan,True,0.8686629365879137,0.6666666666666666,0.8181818181818182,0.5384615384615384
0.5,2024,7,12,WebAttack,False,0.8085857898684023,0.6666666666666666,0.42857142857142855,0.48148148148148145
0.5,2024,7,13,WebAttack,False,0.820057298455952,0.6666666666666666,0.42857142857142855,0.6
0.5,2024,8,0,Benign,True,0.6693185337064862,0.42857142857142855,0.42857142857142855,0.5384615384615384
0.5,2024,8,1,Benign,True,0.7744815301557761,0.6666666666666666,0.42857142857142855,0.6
0.5,2024,8,2,Bot,True,0.7806569069422705,0.42857142857142855,0.5384615384615384,0.48148148148148145
0.5,2024,8,3,Bot,True,0.7474551527073786,0.6666666666666666,0.42857142857142855,0.5384615384615384
0.5,2024,8,4,BruteForce,True,0.7546735219127814,0.6666666666666666,0.5384615384615384,0.6666666666666666
0.5,2024,8,5,BruteForce,True,0.7662432978100608,0.6666666666666666,0.6666666666666666,0.6666666666666666
0.5,2024,8,6,DDoS,True,0.8650773717595539,0.42857142857142855,0.8181818181818182,0.8181818181818182
0.5,2024,8,7,DDoS,True,0.8484781004597413,0.6666666666666666,0.6666666666666666,0.7391304347826086
0.5,2024,8,8,DoS,True,0.8381523971856917,0.42857142857142855,0.8181818181818182,0.8181818181818182
0.5,2024,8,9,DoS,True,0.8678582796477377,1.0,0.6666666666666666,0.6666666666666666
0.5,2024,8,10,PortScan,False,0.7687862885719579,0.42857142857142855,0.5384615384615384,0.7391304347826086
0.5,2024,8,11,PortScan,False,0.7172764258707717,0.6666666666666666,0.6666666666666666,0.5384615384615384
0.5,2024,8,12,WebAttack,True,0.7339002402423558,0.6666666666666666,0.5384615384615384,0.42857142857142855
0.5,2024,8,13,WebAttack,True,0.7705318829404753,0.6666666666666666,0.5384615384615384,0.5384615384615384
0.5,2024,9,0,Benign,True,0.5225444476487191,0.42857142857142855,0.42857142857142855,0.42857142857142855
0.5,2024,9,1,Benign,True,0.721893509264806,0.42857142857142855,0.42857142857142855,0.48148148148148145
0.5,2024,9,2,Bot,False,0.6868472937599223,0.42857142857142855,0.5384615384615384,0.3333333333333333
0.5,2024,9,3,Bot,False,0.6270469408544144,0.1111111111111111,0.17647058823529413,0.48148148148148145
0.5,2024,9,4,BruteForce,True,0.663709990459838,0.42857142857142855,0.42857142857142855,0.48148148148148145
0.5,2024,9,5,BruteForce,True,0.6709764630690012,0.6666666666666666,0.5384615384615384,0.48148148148148145
0.5,2024,9,6,DDoS,True,0.773450362101908,0.6666666666666666,0.5384615384615384,0.8181818181818182
0.5,2024,9,7,DDoS,True,0.7859445655906195,0.42857142857142855,0.6666666666666666,0.6666666666666666
0.5,2024,9,8,DoS,True,0.8543947972791448,1.0,0.8181818181818182,0.6666666666666666
0.5,2024,9,9,DoS,True,0.8184146749929787,1.0,0.5384615384615384,0.48148148148148145
0.5,2024,9,10,PortScan,True,0.7911594162315558,0.6666666666666666,0.6666666666666666,0.5384615384615384
0.5,2024,9,11,PortScan,True,0.825383189025422,0.6666666666666666,0.6666666666666666,0.42857142857142855
0.5,2024,9,12,WebAttack,True,0.7258638495279648,0.6666666666666666,0.3333333333333333,0.42857142857142855
0.5,2024,9,13,WebAttack,True,0.746215489924948,0.6666666666666666,0.3333333333333333,0.5384615384615384
5.0,42,0,0,Benign,True,0.7577740160552808,0.42857142857142855,0.5384615384615384,0.6
5.0,42,0,1,Benign,True,0.8811064263782546,0.6666666666666666,0.6666666666666666,0.7391304347826086
5.0,42,0,2,Bot,True,0.880507528315311,0.42857142857142855,0.5384615384615384,0.6
5.0,42,0,3,Bot,True,0.8037847931584463,0.6666666666666666,0.42857142857142855,0.5384615384615384
5.0,42,0,4,BruteForce,True,0.8433442285151643,0.6666666666666666,0.5384615384615384,0.5384615384615384
5.0,42,0,5,BruteForce,True,0.8298740658292447,0.42857142857142855,0.5384615384615384,0.5384615384615384
5.0,42,0,6,DDoS,True,0.8633499657038259,0.6666666666666666,0.6666666666666666,0.6666666666666666
5.0,42,0,7,DDoS,True,0.8692060139200446,0.42857142857142855,0.8181818181818182,0.6
5.0,42,0,8,DoS,True,0.866627297955899,0.6666666666666666,0.5384615384615384,0.7391304347826086
5.0,42,0,9,DoS,True,0.8736377274244456,0.6666666666666666,0.8181818181818182,0.7391304347826086
5.0,42,0,10,PortScan,True,0.8368106220774659,1.0,0.6666666666666666,0.6666666666666666
5.0,42,0,11,PortScan,True,0.8756048939254605,1.0,0.6666666666666666,0.6
5.0,42,0,12,WebAttack,True,0.8566241724634027,0.42857142857142855,0.5384615384615384,0.6
5.0,42,0,13,WebAttack,True,0.865448587307787,0.6666666666666666,0.8181818181818182,0.5384615384615384
5.0,42,1,0,Benign,True,0.7968786100751073,0.6666666666666666,0.3333333333333333,0.6
5.0,42,1,1,Benign,True,0.8440421443498471,0.6666666666666666,0.8181818181818182,0.6666666666666666
5.0,42,1,2,Bot,True,0.8827663845765843,0.42857142857142855,0.5384615384615384,0.6666666666666666
5.0,42,1,3,Bot,True,0.7907178273212434,0.6666666666666666,0.5384615384615384,0.5384615384615384
5.0,42,1,4,BruteForce,True,0.7793053799909997,0.42857142857142855,0.5384615384615384,0.6
5.0,42,1,5,BruteForce,True,0.7717336159533006,0.42857142857142855,0.5384615384615384,0.6666666666666666
5.0,42,1,6,DDoS,True,0.8565932222744127,1.0,0.6666666666666666,0.7391304347826086
5.0,42,1,7,DDoS,True,0.8591449722624424,0.6666666666666666,0.8181818181818182,0.6666666666666666
5.0,42,1,8,DoS,True,0.8965489704907839,0.42857142857142855,0.8181818181818182,0.7391304347826086
5.0,42,1,9,DoS,True,0.8861084141802791,0.6666666666666666,0.8181818181818182,0.6666666666666666
5.0,42,1,10,PortScan,True,0.8546201736446278,0.6666666666666666,0.5384615384615384,0.6666666666666666
5.0,42,1,11,PortScan,True,0.8659573959990848,0.6666666666666666,0.6666666666666666,0.5384615384615384
5.0,42,1,12,WebAttack,True,0.8444892743921537,0.25,0.6666666666666666,0.6666666666666666
5.0,42,1,13,WebAttack,True,0.8389225185050666,0.42857142857142855,0.6666666666666666,0.7391304347826086
5.0,42,2,0,Benign,True,0.7463185249988005,0.42857142857142855,0.5384615384615384,0.5384615384615384
5.0,42,2,1,Benign,True,0.8642070119101688,0.6666666666666666,0.6666666666666666,0.7391304347826086
5.0,42,2,2,Bot,True,0.8577164519005736,0.6666666666666666,0.6666666666666666,0.6666666666666666
5.0,42,2,3,Bot,True,0.8509385184502953,1.0,0.8181818181818182,0.5384615384615384
5.0,42,2,4,BruteForce,True,0.8251235288457801,0.42857142857142855,0.5384615384615384,0.48148148148148145
5.0,42,2,5,BruteForce,True,0.818963886405307,0.42857142857142855,0.5384615384615384,0.48148148148148145
5.0,42,2,6,DDoS,True,0.8724038138913461,1.0,0.6666666666666666,0.7391304347826086
5.0,42,2,7,DDoS,True,0.876764363546267,0.6666666666666666,0.8181818181818182,0.8181818181818182
5.0,42,2,8,DoS,True,0.8902138091644789,0.6666666666666666,0.6666666666666666,0.8181818181818182
5.0,42,2,9,DoS,True,0.8793201325682741,0.6666666666666666,0.8181818181818182,0.7391304347826086
5.0,42,2,10,PortScan,True,0.9093047017976075,1.0,0.6666666666666666,0.7391304347826086
5.0,42,2,11,PortScan,True,0.8716474297123316,1.0,0.6666666666666666,0.6666666666666666
5.0,42,2,12,WebAttack,True,0.8476243791831206,0.25,0.8181818181818182,0.6
5.0,42,2,13,WebAttack,True,0.8594128828367422,0.42857142857142855,0.8181818181818182,0.6666666666666666
5.0,42,3,0,Benign,True,0.7831543554315656,0.42857142857142855,0.5384615384615384,0.6666666666666666
5.0,42,3,1,Benign,True,0.8894452135205317,0.6666666666666666,0.8181818181818182,0.8181818181818182
5.0,42,3,2,Bot,True,0.848269978529004,0.42857142857142855,0.5384615384615384,0.5384615384615384
5.0,42,3,3,Bot,True,0.7999554121268275,0.6666666666666666,0.6666666666666666,0.5384615384615384
5.0,42,3,4,BruteForce,True,0.8529372453103812,0.6666666666666666,0.6666666666666666,0.6
5.0,42,3,5,BruteForce,True,0.8360771417569053,0.6666666666666666,0.6666666666666666,0.6
5.0,42,3,6,DDoS,True,0.8758071563558454,0.6666666666666666,0.6666666666666666,0.7391304347826086
5.0,42,3,7,DDoS,True,0.9027024656188254,1.0,0.6666666666666666,0.6666666666666666
5.0,42,3,8,DoS,True,0.8579430262131886,0.6666666666666666,0.8181818181818182,0.6666666666666666
5.0,42,3,9,DoS,True,0.8694031105403293,1.0,0.6666666666666666,0.8181818181818182
5.0,42,3,10,PortScan,True,0.8932330900935946,0.6666666666666666,0.6666666666666666,0.7391304347826086
5.0,42,3,11,PortScan,True,0.8294942764253024,1.0,0.6666666666666666,0.5384615384615384
5.0,42,3,12,WebAttack,True,0.8503736715756385,0.6666666666666666,0.3333333333333333,0.48148148148148145
5.0,42,3,13,WebAttack,True,0.8739486596403436,0.6666666666666666,0.42857142857142855,0.6
5.0,42,4,0,Benign,True,0.7023571724218551,0.42857142857142855,0.42857142857142855,0.6666666666666666
5.0,42,4,1,Benign,True,0.8500341371169788,1.0,0.6666666666666666,0.5384615384615384
5.0,42,4,2,Bot,True,0.8444918745715264,0.6666666666666666,0.6666666666666666,0.6666666666666666
5.0,42,4,3,Bot,True,0.802364771431409,0.6666666666666666,0.5384615384615384,0.5384615384615384
5.0,42,4,4,BruteForce,True,0.7561117059008312,0.6666666666666666,0.5384615384615384,0.6666666666666666
5.0,42,4,5,BruteForce,True,0.7479955330518689,0.6666666666666666,0.5384615384615384,0.6
5.0,42,4,6,DDoS,True,0.8721963822781822,0.6666666666666666,0.8181818181818182,0.6666666666666666
5.0,42,4,7,DDoS,True,0.8836936169809149,0.6666666666666666,0.8181818181818182,0.6666666666666666
5.0,42,4,8,DoS,True,0.8885386504142863,0.42857142857142855,0.6666666666666666,0.8181818181818182
5.0,42,4,9,DoS,True,0.9068291285176185,0.6666666666666666,0.8181818181818182,0.6666666666666666
5.0,42,4,10,PortScan,True,0.8618336982336836,0.6666666666666666,0.6666666666666666,0.6666666666666666
5.0,42,4,11,PortScan,True,0.8375588741574099,0.6666666666666666,0.6666666666666666,0.5384615384615384
5.0,42,4,12,WebAttack,True,0.8298400079078563,0.25,0.5384615384615384,0.6
5.0,42,4,13,WebAttack,True,0.8409266066013816,0.25,0.6666666666666666,0.6
5.0,42,5,0,Benign,True,0.7839323483892884,0.42857142857142855,0.5384615384615384,0.6
5.0,42,5,1,Benign,True,0.8385673767905616,0.6666666666666666,0.8181818181818182,0.6
5.0,42,5,2,Bot,True,0.7638001223914912,0.6666666666666666,0.5384615384615384,0.6666666666666666
5.0,42,5,3,Bot,True,0.7912691405365331,0.6666666666666666,0.6666666666666666,0.48148148148148145
5.0,42,5,4,BruteForce,True,0.8873642777858985,1.0,0.6666666666666666,0.6666666666666666
5.0,42,5,5,BruteForce,True,0.8701271175178749,1.0,0.5384615384615384,0.6
5.0,42,5,6,DDoS,True,0.871863946574457,1.0,0.6666666666666666,0.7391304347826086
5.0,42,5,7,DDoS,True,0.8816223689561138,0.42857142857142855,0.6666666666666666,0.6666666666666666
5.0,42,5,8,DoS,True,0.8848210765809936,0.6666666666666666,0.6666666666666666,0.8181818181818182
5.0,42,5,9,DoS,True,0.8909408178980818,1.0,0.8181818181818182,0.6
5.0,42,5,10,PortScan,True,0.8928860428051721,1.0,0.8181818181818182,0.8181818181818182
5.0,42,5,11,PortScan,True,0.8203680376795417,0.6666666666666666,0.5384615384615384,0.6
5.0,42,5,12,WebAttack,True,0.7041497385291791,0.42857142857142855,0.42857142857142855,0.48148148148148145
5.0,42,5,13,WebAttack,True,0.722665435658039,0.42857142857142855,0.5384615384615384,0.48148148148148145
5.0,42,6,0,Benign,True,0.787450223462635,0.42857142857142855,0.5384615384615384,0.6
5.0,42,6,1,Benign,True,0.8206647078280547,0.42857142857142855,0.8181818181818182,0.6
5.0,42,6,2,Bot,True,0.8374913802013841,0.6666666666666666,0.5384615384615384,0.6
5.0,42,6,3,Bot,True,0.7766258748708809,0.6666666666666666,0.42857142857142855,0.5384615384615384
5.0,42,6,4,BruteForce,True,0.6891701568411239,0.42857142857142855,0.3333333333333333,0.5384615384615384
5.0,42,6,5,BruteForce,True,0.6794860540267648,0.42857142857142855,0.3333333333333333,0.5384615384615384
5.0,42,6,6,DDoS,True,0.8716576176416801,0.6666666666666666,0.6666666666666666,0.7391304347826086
5.0,42,6,7,DDoS,True,0.8830010952179739,0.42857142857142855,0.8181818181818182,0.6666666666666666
5.0,42,6,8,DoS,True,0.9015288110528628,0.6666666666666666,0.6666666666666666,0.9047619047619048
5.0,42,6,9,DoS,True,0.8852592693123501,1.0,0.8181818181818182,0.6666666666666666
5.0,42,6,10,PortScan,True,0.8948103994696734,0.6666666666666666,0.6666666666666666,0.6666666666666666
5.0,42,6,11,PortScan,True,0.8757036105655062,0.6666666666666666,0.6666666666666666,0.5384615384615384
5.0,42,6,12,WebAttack,True,0.8145710665285106,0.6666666666666666,0.5384615384615384,0.5384615384615384
5.0,42,6,13,WebAttack,True,0.8493697805378246,0.6666666666666666,0.5384615384615384,0.6
5.0,42,7,0,Benign,True,0.7333832241832732,0.42857142857142855,0.42857142857142855,0.6
5.0,42,7,1,Benign,True,0.8162311974368844,0.6666666666666666,0.8181818181818182,0.7391304347826086
5.0,42,7,2,Bot,True,0.8487420963510618,0.42857142857142855,0.6666666666666666,0.5384615384615384
5.0,42,7,3,Bot,True,0.7785133764847803,0.6666666666666666,0.6666666666666666,0.5384615384615384
5.0,42,7,4,BruteForce,True,0.6450283144140206,0.42857142857142855,0.3333333333333333,0.5384615384615384
5.0,42,7,5,BruteForce,True,0.623798724850858,0.42857142857142855,0.3333333333333333,0.42857142857142855
5.0,42,7,6,DDoS,True,0.8658436010653998,0.6666666666666666,0.8181818181818182,0.7391304347826086
5.0,42,7,7,DDoS,True,0.875263878775476,1.0,0.8181818181818182,0.6
5.0,42,7,8,DoS,True,0.8491527943559414,0.6666666666666666,0.6666666666666666,0.7391304347826086
5.0,42,7,9,DoS,True,0.8863862069396553,0.6666666666666666,1.0,0.7391304347826086
5.0,42,7,10,PortScan,True,0.8470520388059692,1.0,0.6666666666666666,0.6666666666666666
5.0,42,7,11,PortScan,True,0.8650378973213737,1.0,0.6666666666666666,0.6
5.0,42,7,12,WebAttack,True,0.7530982497809672,0.6666666666666666,0.42857142857142855,0.48148148148148145
5.0,42,7,13,WebAttack,True,0.7569847458692753,0.6666666666666666,0.42857142857142855,0.48148148148148145
5.0,42,8,0,Benign,True,0.7935515920548217,0.42857142857142855,0.5384615384615384,0.5384615384615384
5.0,42,8,1,Benign,True,0.8826564892691582,1.0,0.5384615384615384,0.6666666666666666
5.0,42,8,2,Bot,True,0.7933343793999017,0.25,0.5384615384615384,0.5384615384615384
5.0,42,8,3,Bot,True,0.8045004384839942,0.6666666666666666,0.6666666666666666,0.6
5.0,42,8,4,BruteForce,True,0.8400287749320242,0.42857142857142855,0.6666666666666666,0.6
5.0,42,8,5,BruteForce,True,0.8200332343732882,0.42857142857142855,0.6666666666666666,0.6
5.0,42,8,6,DDoS,True,0.8809084663360117,0.6666666666666666,0.8181818181818182,0.8181818181818182
5.0,42,8,7,DDoS,True,0.9077221068024999,1.0,0.8181818181818182,0.7391304347826086
5.0,42,8,8,DoS,True,0.8771277466901047,0.6666666666666666,0.6666666666666666,0.7391304347826086
5.0,42,8,9,DoS,True,0.9201896225661867,1.0,0.5384615384615384,0.7391304347826086
5.0,42,8,10,PortScan,True,0.8531856649723387,1.0,0.6666666666666666,0.6666666666666666
5.0,42,8,11,PortScan,True,0.8358526101368032,0.6666666666666666,0.6666666666666666,0.6
5.0,42,8,12,WebAttack,True,0.8833475147307941,0.42857142857142855,0.6666666666666666,0.7391304347826086
5.0,42,8,13,WebAttack,True,0.8955924153868198,0.42857142857142855,0.6666666666666666,0.8181818181818182
5.0,42,9,0,Benign,True,0.8245689740477604,0.6666666666666666,0.5384615384615384,0.5384615384615384
5.0,42,9,1,Benign,True,0.8961583958578804,1.0,0.6666666666666666,0.8181818181818182
5.0,42,9,2,Bot,True,0.8952966445357218,0.6666666666666666,0.6666666666666666,0.6666666666666666
5.0,42,9,3,Bot,True,0.8319764925649197,0.6666666666666666,0.8181818181818182,0.6
5.0,42,9,4,BruteForce,True,0.8205435361904063,0.6666666666666666,0.6666666666666666,0.48148148148148145
5.0,42,9,5,BruteForce,True,0.809205351945575,0.6666666666666666,0.6666666666666666,0.48148148148148145
5.0,42,9,6,DDoS,True,0.8713839145192135,1.0,0.6666666666666666,0.7391304347826086
5.0,42,9,7,DDoS,True,0.8829112301221091,0.6666666666666666,1.0,0.6
5.0,42,9,8,DoS,True,0.8896264039488285,0.6666666666666666,0.8181818181818182,0.8181818181818182
5.0,42,9,9,DoS,True,0.8771872966867029,1.0,0.8181818181818182,0.6666666666666666
5.0,42,9,10,PortScan,True,0.8566029297022694,1.0,0.5384615384615384,0.6666666666666666
5.0,42,9,11,PortScan,True,0.8488158001312986,1.0,0.5384615384615384,0.6
5.0,42,9,12,WebAttack,True,0.8467911894903823,0.25,0.6666666666666666,0.6666666666666666
5.0,42,9,13,WebAttack,True,0.8642854853192208,0.42857142857142855,0.6666666666666666,0.6666666666666666
5.0,1337,0,0,Benign,True,0.8472540474625481,0.42857142857142855,0.6666666666666666,0.6666666666666666
5.0,1337,0,1,Benign,True,0.8906561605288418,0.6666666666666666,0.8181818181818182,0.7391304347826086
5.0,1337,0,2,Bot,True,0.8346749155343924,0.6666666666666666,0.5384615384615384,0.6
5.0,1337,0,3,Bot,True,0.8356824268848715,1.0,0.5384615384615384,0.6666666666666666
5.0,1337,0,4,BruteForce,True,0.8337381572895277,0.6666666666666666,0.6666666666666666,0.6666666666666666
5.0,1337,0,5,BruteForce,True,0.8419252569732014,0.6666666666666666,0.8181818181818182,0.7391304347826086
5.0,1337,0,6,DDoS,True,0.8792758939772067,1.0,0.5384615384615384,0.8181818181818182
5.0,1337,0,7,DDoS,True,0.886291381898654,0.6666666666666666,1.0,0.8181818181818182
5.0,1337,0,8,DoS,True,0.8617366837589397,0.6666666666666666,0.8181818181818182,0.6666666666666666
5.0,1337,0,9,DoS,True,0.9040861852090831,0.6666666666666666,1.0,0.8181818181818182
5.0,1337,0,10,PortScan,True,0.8494665791555505,1.0,0.6666666666666666,0.6666666666666666
5.0,1337,0,11,PortScan,True,0.9057230193936658,1.0,0.6666666666666666,0.6
5.0,1337,0,12,WebAttack,True,0.6579054270304441,0.42857142857142855,0.5384615384615384,0.48148148148148145
5.0,1337,0,13,WebAttack,True,0.6184214354486492,0.42857142857142855,0.42857142857142855,0.42857142857142855
5.0,1337,1,0,Benign,True,0.8374879811795968,0.6666666666666666,0.6666666666666666,0.5384615384615384
5.0,1337,1,1,Benign,True,0.8905837205892952,0.42857142857142855,0.8181818181818182,0.7391304347826086
5.0,1337,1,2,Bot,True,0.8509907945238139,0.6666666666666666,0.8181818181818182,0.5384615384615384
5.0,1337,1,3,Bot,True,0.8112513761144262,0.6666666666666666,0.6666666666666666,0.6666666666666666
5.0,1337,1,4,BruteForce,True,0.8714109428884529,1.0,0.8181818181818182,0.48148148148148145
5.0,1337,1,5,BruteForce,True,0.8764182562294014,1.0,0.8181818181818182,0.5384615384615384
5.0,1337,1,6,DDoS,True,0.8496920019127021,1.0,0.8181818181818182,0.6666666666666666
5.0,1337,1,7,DDoS,True,0.8342573397174858,0.6666666666666666,0.6666666666666666,0.6666666666666666
5.0,1337,1,8,DoS,True,0.8612018896497193,0.6666666666666666,1.0,0.6
5.0,1337,1,9,DoS,True,0.9178157379845783,1.0,0.5384615384615384,0.7391304347826086
5.0,1337,1,10,PortScan,True,0.8781050725218671,1.0,0.5384615384615384,0.7391304347826086
5.0,1337,1,11,PortScan,True,0.8736939446578736,0.6666666666666666,0.6666666666666666,0.6
5.0,1337,1,12,WebAttack,True,0.7887050058797092,0.6666666666666666,0.5384615384615384,0.48148148148148145
5.0,1337,1,13,WebAttack,True,0.7906020310151544,0.6666666666666666,0.5384615384615384,0.42857142857142855
5.0,1337,2,0,Benign,True,0.6372282991183607,0.25,0.5384615384615384,0.5384615384615384
5.0,1337,2,1,Benign,True,0.8167148212000699,0.6666666666666666,0.6666666666666666,0.8181818181818182
5.0,1337,2,2,Bot,True,0.8216795488603441,0.6666666666666666,0.6666666666666666,0.6
5.0,1337,2,3,Bot,True,0.8359235307620729,0.6666666666666666,0.6666666666666666,0.48148148148148145
5.0,1337,2,4,BruteForce,True,0.8145078587207575,0.6666666666666666,0.42857142857142855,0.5384615384615384
5.0,1337,2,5,BruteForce,True,0.8082715662315418,0.6666666666666666,0.42857142857142855,0.6
5.0,1337,2,6,DDoS,True,0.8087614155337643,0.6666666666666666,0.8181818181818182,0.6666666666666666
5.0,1337,2,7,DDoS,True,0.82811764998813,0.42857142857142855,0.6666666666666666,0.6
5.0,1337,2,8,DoS,True,0.8295609099458057,1.0,1.0,0.6
5.0,1337,2,9,DoS,True,0.8492611200466895,0.6666666666666666,0.8181818181818182,0.7391304347826086
5.0,1337,2,10,PortScan,True,0.8594717166275261,1.0,0.6666666666666666,0.6666666666666666
5.0,1337,2,11,PortScan,True,0.859202456211245,1.0,0.6666666666666666,0.6666666666666666
5.0,1337,2,12,WebAttack,True,0.7452133057488632,0.6666666666666666,0.42857142857142855,0.3333333333333333
5.0,1337,2,13,WebAttack,True,0.7083800384970631,0.6666666666666666,0.42857142857142855,0.3793103448275862
5.0,1337,3,0,Benign,True,0.8097662032211848,0.42857142857142855,0.6666666666666666,0.5384615384615384
5.0,1337,3,1,Benign,True,0.8916185149069271,0.42857142857142855,0.8181818181818182,0.7391304347826086
5.0,1337,3,2,Bot,True,0.844460236980744,0.6666666666666666,0.8181818181818182,0.5384615384615384
5.0,1337,3,3,Bot,True,0.8417229601283643,0.6666666666666666,0.5384615384615384,0.6666666666666666
5.0,1337,3,4,BruteForce,True,0.8473907507261973,0.6666666666666666,0.6666666666666666,0.5384615384615384
5.0,1337,3,5,BruteForce,True,0.8602460533740589,0.6666666666666666,0.8181818181818182,0.6
5.0,1337,3,6,DDoS,True,0.8751921497260994,0.6666666666666666,1.0,0.8181818181818182
5.0,1337,3,7,DDoS,True,0.8450964041422854,0.42857142857142855,0.8181818181818182,0.7391304347826086
5.0,1337,3,8,DoS,True,0.8469409497590812,0.6666666666666666,0.8181818181818182,0.6666666666666666
5.0,1337,3,9,DoS,True,0.8904709456749054,1.0,0.6666666666666666,0.6666666666666666
5.0,1337,3,10,PortScan,True,0.8749493561384529,0.6666666666666666,0.6666666666666666,0.8181818181818182
5.0,1337,3,11,PortScan,True,0.8600817703514916,1.0,0.5384615384615384,0.6
5.0,1337,3,12,WebAttack,True,0.7451599916531932,0.6666666666666666,0.6666666666666666,0.48148148148148145
5.0,1337,3,13,WebAttack,True,0.7252090810795846,0.42857142857142855,0.6666666666666666,0.6
5.0,1337,4,0,Benign,True,0.82136735185158,0.42857142857142855,0.6666666666666666,0.6
5.0,1337,4,1,Benign,True,0.8299106123324347,0.6666666666666666,0.8181818181818182,0.6
5.0,1337,4,2,Bot,True,0.8109307360388995,0.6666666666666666,0.5384615384615384,0.42857142857142855
5.0,1337,4,3,Bot,True,0.8331266016438609,1.0,0.6666666666666666,0.7391304347826086
5.0,1337,4,4,BruteForce,True,0.8410020089504966,0.6666666666666666,0.5384615384615384,0.5384615384615384
5.0,1337,4,5,BruteForce,True,0.8389934361184208,0.6666666666666666,0.5384615384615384,0.6
5.0,1337,4,6,DDoS,True,0.8290784125657218,0.6666666666666666,0.6666666666666666,0.6666666666666666
5.0,1337,4,7,DDoS,True,0.8607514861390544,0.6666666666666666,0.6666666666666666,0.6666666666666666
5.0,1337,4,8,DoS,True,0.8785173643050213,1.0,1.0,0.6666666666666666
5.0,1337,4,9,DoS,True,0.8780087627299282,1.0,0.6666666666666666,0.7391304347826086
5.0,1337,4,10,PortScan,True,0.8483729528946715,1.0,0.5384615384615384,0.7391304347826086
5.0,1337,4,11,PortScan,True,0.855509841459329,1.0,0.42857142857142855,0.48148148148148145
5.0,1337,4,12,WebAttack,True,0.8268776503133616,0.6666666666666666,0.5384615384615384,0.42857142857142855
5.0,1337,4,13,WebAttack,True,0.7993938328649117,0.6666666666666666,0.5384615384615384,0.48148148148148145
5.0,1337,5,0,Benign,True,0.7432370382764286,0.6666666666666666,0.42857142857142855,0.5384615384615384
5.0,1337,5,1,Benign,True,0.8257372675065007,0.6666666666666666,0.6666666666666666,0.6666666666666666
5.0,1337,5,2,Bot,True,0.8299594730345894,0.6666666666666666,0.6666666666666666,0.48148148148148145
5.0,1337,5,3,Bot,True,0.759011252613849,1.0,0.5384615384615384,0.6666666666666666
5.0,1337,5,4,BruteForce,True,0.8253384205795413,0.6666666666666666,0.42857142857142855,0.42857142857142855
5.0,1337,5,5,BruteForce,True,0.8181667353787963,0.6666666666666666,0.42857142857142855,0.48148148148148145
5.0,1337,5,6,DDoS,True,0.8831338196727573,0.6666666666666666,0.6666666666666666,0.6666666666666666
5.0,1337,5,7,DDoS,True,0.8661689942414971,0.6666666666666666,0.6666666666666666,0.6666666666666666
5.0,1337,5,8,DoS,True,0.8274044878801712,0.6666666666666666,0.8181818181818182,0.6666666666666666
5.0,1337,5,9,DoS,True,0.8325137755492691,0.6666666666666666,0.5384615384615384,0.6666666666666666
5.0,1337,5,10,PortScan,True,0.811287053114269,1.0,0.5384615384615384,0.6
5.0,1337,5,11,PortScan,True,0.8442255685828324,0.6666666666666666,0.5384615384615384,0.5384615384615384
5.0,1337,5,12,WebAttack,True,0.7972583468749403,0.6666666666666666,0.42857142857142855,0.6
5.0,1337,5,13,WebAttack,True,0.7835375221537759,0.6666666666666666,0.5384615384615384,0.5384615384615384
5.0,1337,6,0,Benign,True,0.7218521659821123,0.42857142857142855,0.6666666666666666,0.6
5.0,1337,6,1,Benign,True,0.845440349565342,0.6666666666666666,0.6666666666666666,0.5384615384615384
5.0,1337,6,2,Bot,True,0.8240772834976537,0.42857142857142855,0.42857142857142855,0.6
5.0,1337,6,3,Bot,True,0.8099257099257371,1.0,0.6666666666666666,0.48148148148148145
5.0,1337,6,4,BruteForce,True,0.7804789721421723,0.6666666666666666,0.5384615384615384,0.48148148148148145
5.0,1337,6,5,BruteForce,True,0.7950226170693431,0.6666666666666666,0.6666666666666666,0.6
5.0,1337,6,6,DDoS,True,0.8826763740240462,0.42857142857142855,0.8181818181818182,0.8181818181818182
5.0,1337,6,7,DDoS,True,0.8609540678452074,0.6666666666666666,0.8181818181818182,0.6666666666666666
5.0,1337,6,8,DoS,True,0.8469732798799945,1.0,0.8181818181818182,0.6
5.0,1337,6,9,DoS,True,0.884314206442789,0.6666666666666666,1.0,0.6666666666666666
5.0,1337,6,10,PortScan,True,0.8666814694017257,1.0,0.5384615384615384,0.6666666666666666
5.0,1337,6,11,PortScan,True,0.8060159853345531,1.0,0.6666666666666666,0.6
5.0,1337,6,12,WebAttack,True,0.7997250405950701,0.6666666666666666,0.5384615384615384,0.48148148148148145
5.0,1337,6,13,WebAttack,True,0.7756055345528095,0.6666666666666666,0.42857142857142855,0.42857142857142855
5.0,1337,7,0,Benign,True,0.8350492743048008,0.42857142857142855,0.5384615384615384,0.6
5.0,1337,7,1,Benign,True,0.877694779798798,0.6666666666666666,0.8181818181818182,0.8181818181818182
5.0,1337,7,2,Bot,True,0.8513771298163002,0.6666666666666666,0.8181818181818182,0.6
5.0,1337,7,3,Bot,True,0.8308328974572735,0.6666666666666666,0.6666666666666666,0.6666666666666666
5.0,1337,7,4,BruteForce,True,0.8590401362624891,0.6666666666666666,0.6666666666666666,0.48148148148148145
5.0,1337,7,5,BruteForce,True,0.8598269987329492,1.0,0.8181818181818182,0.5384615384615384
5.0,1337,7,6,DDoS,True,0.8900026101510305,1.0,0.8181818181818182,0.9047619047619048
5.0,1337,7,7,DDoS,True,0.8842097808222997,1.0,0.6666666666666666,0.6666666666666666
5.0,1337,7,8,DoS,True,0.8762450044713698,0.6666666666666666,1.0,0.7391304347826086
5.0,1337,7,9,DoS,True,0.9011748453255279,0.6666666666666666,1.0,0.7391304347826086
5.0,1337,7,10,PortScan,True,0.9007625284186263,1.0,0.8181818181818182,0.8181818181818182
5.0,1337,7,11,PortScan,True,0.872355824084142,1.0,0.42857142857142855,0.7391304347826086
5.0,1337,7,12,WebAttack,True,0.8612010599787087,0.6666666666666666,0.5384615384615384,0.6666666666666666
5.0,1337,7,13,WebAttack,True,0.8184960866820796,0.6666666666666666,0.42857142857142855,0.6
5.0,1337,8,0,Benign,True,0.7235130293497428,0.42857142857142855,0.5384615384615384,0.5384615384615384
5.0,1337,8,1,Benign,True,0.8658692805357806,0.42857142857142855,0.6666666666666666,0.6666666666666666
5.0,1337,8,2,Bot,True,0.8666552161914411,0.42857142857142855,0.6666666666666666,0.6666666666666666
5.0,1337,8,3,Bot,True,0.8905196758368921,0.6666666666666666,0.5384615384615384,0.6666666666666666
5.0,1337,8,4,BruteForce,True,0.8759553972243612,0.6666666666666666,0.6666666666666666,0.6
5.0,1337,8,5,BruteForce,True,0.8742787346280565,0.6666666666666666,0.6666666666666666,0.6
5.0,1337,8,6,DDoS,True,0.8624793781904538,0.6666666666666666,0.8181818181818182,0.6
5.0,1337,8,7,DDoS,True,0.8582904487516102,0.6666666666666666,0.6666666666666666,0.6666666666666666
5.0,1337,8,8,DoS,True,0.8686622314208625,0.6666666666666666,0.8181818181818182,0.6
5.0,1337,8,9,DoS,True,0.9005696049715941,1.0,0.8181818181818182,0.7391304347826086
5.0,1337,8,10,PortScan,True,0.8424799496133402,1.0,0.6666666666666666,0.7391304347826086
5.0,1337,8,11,PortScan,True,0.8321634571232372,0.6666666666666666,0.5384615384615384,0.6
5.0,1337,8,12,WebAttack,True,0.7402131910773802,0.42857142857142855,0.5384615384615384,0.48148148148148145
5.0,1337,8,13,WebAttack,True,0.638944010855709,0.42857142857142855,0.3333333333333333,0.42857142857142855
5.0,1337,9,0,Benign,True,0.785352778418329,0.42857142857142855,0.6666666666666666,0.6666666666666666
5.0,1337,9,1,Benign,True,0.8373815047497818,0.42857142857142855,0.8181818181818182,0.7391304347826086
5.0,1337,9,2,Bot,True,0.8241212036274781,0.42857142857142855,0.6666666666666666,0.6
5.0,1337,9,3,Bot,True,0.8309023672520671,0.6666666666666666,0.3333333333333333,0.6
5.0,1337,9,4,BruteForce,True,0.7916684298654793,0.6666666666666666,0.6666666666666666,0.6
5.0,1337,9,5,BruteForce,True,0.8041541641963997,0.6666666666666666,0.6666666666666666,0.6666666666666666
5.0,1337,9,6,DDoS,True,0.8839903306616135,0.6666666666666666,0.8181818181818182,0.7391304347826086
5.0,1337,9,7,DDoS,True,0.868805891994904,0.6666666666666666,0.6666666666666666,0.7391304347826086
5.0,1337,9,8,DoS,True,0.8661203212790847,0.6666666666666666,0.8181818181818182,0.6
5.0,1337,9,9,DoS,True,0.8658825867743979,0.6666666666666666,0.5384615384615384,0.8181818181818182
5.0,1337,9,10,PortScan,True,0.8547837844954627,0.6666666666666666,0.5384615384615384,0.7391304347826086
5.0,1337,9,11,PortScan,True,0.8517627767333706,0.6666666666666666,0.5384615384615384,0.42857142857142855
5.0,1337,9,12,WebAttack,True,0.7816986049347472,0.42857142857142855,0.42857142857142855,0.48148148148148145
5.0,1337,9,13,WebAttack,True,0.7570333807823368,0.42857142857142855,0.5384615384615384,0.6
5.0,2024,0,0,Benign,True,0.7813848045079457,0.6666666666666666,0.6666666666666666,0.6
5.0,2024,0,1,Benign,True,0.8512645639736485,0.6666666666666666,0.6666666666666666,0.6
5.0,2024,0,2,Bot,True,0.82520896188079,0.6666666666666666,0.8181818181818182,0.6666666666666666
5.0,2024,0,3,Bot,True,0.8590081926966961,0.6666666666666666,0.5384615384615384,0.6666666666666666
5.0,2024,0,4,BruteForce,True,0.8503648514660751,1.0,0.8181818181818182,0.7391304347826086
5.0,2024,0,5,BruteForce,True,0.843107677436091,0.6666666666666666,0.5384615384615384,0.6666666666666666
5.0,2024,0,6,DDoS,True,0.8174809705681021,1.0,0.8181818181818182,0.9047619047619048
5.0,2024,0,7,DDoS,True,0.8176582160052972,1.0,0.6666666666666666,0.7391304347826086
5.0,2024,0,8,DoS,True,0.8805697451248249,0.6666666666666666,0.8181818181818182,0.6666666666666666
5.0,2024,0,9,DoS,True,0.8937216024041077,0.6666666666666666,0.8181818181818182,0.6666666666666666
5.0,2024,0,10,PortScan,True,0.8849582676345358,1.0,0.42857142857142855,0.6666666666666666
5.0,2024,0,11,PortScan,True,0.8920638038675767,0.6666666666666666,0.8181818181818182,0.6666666666666666
5.0,2024,0,12,WebAttack,True,0.831605034448826,0.6666666666666666,0.6666666666666666,0.5384615384615384
5.0,2024,0,13,WebAttack,True,0.8203564164673997,0.6666666666666666,0.6666666666666666,0.5384615384615384
5.0,2024,1,0,Benign,True,0.7818800682475857,0.6666666666666666,0.6666666666666666,0.6
5.0,2024,1,1,Benign,True,0.894109025097457,0.6666666666666666,0.6666666666666666,0.7391304347826086
5.0,2024,1,2,Bot,True,0.7949453825772088,0.6666666666666666,0.6666666666666666,0.5384615384615384
5.0,2024,1,3,Bot,True,0.7506918520266931,0.42857142857142855,0.6666666666666666,0.5384615384615384
5.0,2024,1,4,BruteForce,True,0.8740758097968507,0.6666666666666666,0.8181818181818182,0.9047619047619048
5.0,2024,1,5,BruteForce,True,0.8718967515626648,0.6666666666666666,0.8181818181818182,0.8181818181818182
5.0,2024,1,6,DDoS,True,0.8434085791192487,1.0,0.8181818181818182,0.6666666666666666
5.0,2024,1,7,DDoS,True,0.8329283000675887,1.0,0.8181818181818182,0.7391304347826086
5.0,2024,1,8,DoS,True,0.8769833635817736,0.6666666666666666,0.6666666666666666,0.7391304347826086
5.0,2024,1,9,DoS,True,0.8904243811867786,0.6666666666666666,0.8181818181818182,0.7391304347826086
5.0,2024,1,10,PortScan,True,0.8923466014419188,1.0,0.42857142857142855,0.6666666666666666
5.0,2024,1,11,PortScan,True,0.885958712726309,0.6666666666666666,0.6666666666666666,0.7391304347826086
5.0,2024,1,12,WebAttack,True,0.8761522987518886,0.42857142857142855,0.6666666666666666,0.7391304347826086
5.0,2024,1,13,WebAttack,True,0.8711076245702933,0.42857142857142855,0.6666666666666666,0.6666666666666666
5.0,2024,2,0,Benign,True,0.8198461816099034,0.6666666666666666,0.6666666666666666,0.8181818181818182
5.0,2024,2,1,Benign,True,0.9179907465096391,0.6666666666666666,0.8181818181818182,0.6666666666666666
5.0,2024,2,2,Bot,True,0.7982509438769179,0.42857142857142855,0.6666666666666666,0.48148148148148145
5.0,2024,2,3,Bot,True,0.8388377862320899,0.6666666666666666,0.6666666666666666,0.6666666666666666
5.0,2024,2,4,BruteForce,True,0.8536409521978392,1.0,0.8181818181818182,0.6666666666666666
5.0,2024,2,5,BruteForce,True,0.8398740466692545,0.6666666666666666,0.8181818181818182,0.6666666666666666
5.0,2024,2,6,DDoS,True,0.8753609566972698,1.0,1.0,0.8181818181818182
5.0,2024,2,7,DDoS,True,0.8579294698438265,1.0,0.8181818181818182,0.6666666666666666
5.0,2024,2,8,DoS,True,0.8731367939687004,0.42857142857142855,0.5384615384615384,0.6666666666666666
5.0,2024,2,9,DoS,True,0.8960732651847858,0.6666666666666666,0.8181818181818182,0.8181818181818182
5.0,2024,2,10,PortScan,True,0.8905226784071473,1.0,0.5384615384615384,0.8181818181818182
5.0,2024,2,11,PortScan,True,0.906024849957801,0.6666666666666666,0.6666666666666666,0.7391304347826086
5.0,2024,2,12,WebAttack,True,0.8804589534738807,0.6666666666666666,0.8181818181818182,0.6666666666666666
5.0,2024,2,13,WebAttack,True,0.8549912677229152,0.6666666666666666,0.8181818181818182,0.6666666666666666
5.0,2024,3,0,Benign,True,0.7928618893759237,0.6666666666666666,0.8181818181818182,0.6666666666666666
5.0,2024,3,1,Benign,True,0.8909796858818224,0.6666666666666666,0.8181818181818182,0.6
5.0,2024,3,2,Bot,True,0.7952181137301244,0.6666666666666666,0.8181818181818182,0.6
5.0,2024,3,3,Bot,True,0.8158048934218847,0.6666666666666666,0.42857142857142855,0.5384615384615384
5.0,2024,3,4,BruteForce,True,0.8019406497914245,0.6666666666666666,0.6666666666666666,0.6
5.0,2024,3,5,BruteForce,True,0.7876994206073329,0.6666666666666666,0.42857142857142855,0.6
5.0,2024,3,6,DDoS,True,0.8442433538316386,1.0,0.8181818181818182,0.8181818181818182
5.0,2024,3,7,DDoS,True,0.8258935359043778,1.0,0.8181818181818182,0.8181818181818182
5.0,2024,3,8,DoS,True,0.8152412476952424,0.42857142857142855,0.5384615384615384,0.6666666666666666
5.0,2024,3,9,DoS,True,0.9155548300430107,1.0,0.8181818181818182,0.6666666666666666
5.0,2024,3,10,PortScan,True,0.8728689374065983,1.0,0.5384615384615384,0.7391304347826086
5.0,2024,3,11,PortScan,True,0.8811243796286994,0.6666666666666666,0.6666666666666666,0.7391304347826086
5.0,2024,3,12,WebAttack,True,0.8205673124522687,0.42857142857142855,0.5384615384615384,0.5384615384615384
5.0,2024,3,13,WebAttack,True,0.8134778612297879,0.42857142857142855,0.5384615384615384,0.48148148148148145
5.0,2024,4,0,Benign,True,0.736383897762413,0.42857142857142855,0.6666666666666666,0.7391304347826086
5.0,2024,4,1,Benign,True,0.8374196379140331,0.42857142857142855,0.8181818181818182,0.6666666666666666
5.0,2024,4,2,Bot,True,0.8566130407178161,0.42857142857142855,0.8181818181818182,0.6666666666666666
5.0,2024,4,3,Bot,True,0.8535488216049414,1.0,0.5384615384615384,0.6666666666666666
5.0,2024,4,4,BruteForce,True,0.8394595940014259,0.42857142857142855,0.8181818181818182,0.8181818181818182
5.0,2024,4,5,BruteForce,True,0.8333272253166782,0.42857142857142855,0.8181818181818182,0.6666666666666666
5.0,2024,4,6,DDoS,True,0.836553522117977,1.0,0.8181818181818182,0.8181818181818182
5.0,2024,4,7,DDoS,True,0.8244365767485814,1.0,0.6666666666666666,0.7391304347826086
5.0,2024,4,8,DoS,True,0.8620353507513137,0.42857142857142855,0.6666666666666666,0.6666666666666666
5.0,2024,4,9,DoS,True,0.866824436380101,1.0,0.8181818181818182,0.6
5.0,2024,4,10,PortScan,True,0.8681591624881474,1.0,0.6666666666666666,0.6666666666666666
5.0,2024,4,11,PortScan,True,0.8865423489303064,0.6666666666666666,0.6666666666666666,0.7391304347826086
5.0,2024,4,12,WebAttack,True,0.8376710473549382,0.42857142857142855,0.8181818181818182,0.7391304347826086
5.0,2024,4,13,WebAttack,True,0.8263421990759628,0.42857142857142855,0.6666666666666666,0.6666666666666666
5.0,2024,5,0,Benign,True,0.7515551138576497,0.42857142857142855,0.5384615384615384,0.5384615384615384
5.0,2024,5,1,Benign,True,0.8788819282608,0.6666666666666666,0.6666666666666666,0.6
5.0,2024,5,2,Bot,True,0.8242841199411166,0.6666666666666666,0.6666666666666666,0.6
5.0,2024,5,3,Bot,True,0.7845933543251566,0.6666666666666666,0.6666666666666666,0.5384615384615384
5.0,2024,5,4,BruteForce,True,0.8604462893343199,0.6666666666666666,0.6666666666666666,0.7391304347826086
5.0,2024,5,5,BruteForce,True,0.8587884963256384,1.0,0.6666666666666666,0.6666666666666666
5.0,2024,5,6,DDoS,True,0.8611893998106228,0.6666666666666666,0.6666666666666666,0.8181818181818182
5.0,2024,5,7,DDoS,True,0.8589614044717512,0.6666666666666666,0.5384615384615384,0.8181818181818182
5.0,2024,5,8,DoS,True,0.8149636072832338,0.6666666666666666,0.5384615384615384,0.6
5.0,2024,5,9,DoS,True,0.8833901413835478,0.42857142857142855,0.8181818181818182,0.6666666666666666
5.0,2024,5,10,PortScan,True,0.8978099991033284,1.0,0.42857142857142855,0.7391304347826086
5.0,2024,5,11,PortScan,True,0.8788335573457768,0.6666666666666666,0.5384615384615384,0.6666666666666666
5.0,2024,5,12,WebAttack,True,0.7809185768051838,0.42857142857142855,0.5384615384615384,0.6
5.0,2024,5,13,WebAttack,True,0.7541997577048496,0.42857142857142855,0.5384615384615384,0.5384615384615384
5.0,2024,6,0,Benign,True,0.7609154924919384,0.6666666666666666,0.8181818181818182,0.6666666666666666
5.0,2024,6,1,Benign,True,0.9014813365382528,0.6666666666666666,0.8181818181818182,0.6
5.0,2024,6,2,Bot,True,0.7721847065604839,0.6666666666666666,0.6666666666666666,0.42857142857142855
5.0,2024,6,3,Bot,True,0.8301078263562934,0.6666666666666666,0.6666666666666666,0.6666666666666666
5.0,2024,6,4,BruteForce,True,0.8951092362826911,0.6666666666666666,0.8181818181818182,0.7391304347826086
5.0,2024,6,5,BruteForce,True,0.8918515845882187,1.0,0.6666666666666666,0.7391304347826086
5.0,2024,6,6,DDoS,True,0.8734492854830267,1.0,0.8181818181818182,0.9047619047619048
5.0,2024,6,7,DDoS,True,0.8288186453421189,0.6666666666666666,0.8181818181818182,0.7391304347826086
5.0,2024,6,8,DoS,True,0.8656900128240879,0.42857142857142855,0.8181818181818182,0.8181818181818182
5.0,2024,6,9,DoS,True,0.9302124065050019,0.6666666666666666,0.8181818181818182,0.7391304347826086
5.0,2024,6,10,PortScan,True,0.8723738826559708,1.0,0.5384615384615384,0.8181818181818182
5.0,2024,6,11,PortScan,True,0.8801119454984294,1.0,0.6666666666666666,0.6666666666666666
5.0,2024,6,12,WebAttack,True,0.8461095652561864,1.0,0.5384615384615384,0.6
5.0,2024,6,13,WebAttack,True,0.8430162013607132,0.6666666666666666,0.6666666666666666,0.5384615384615384
5.0,2024,7,0,Benign,True,0.8135517256766684,0.6666666666666666,0.5384615384615384,0.6
5.0,2024,7,1,Benign,True,0.8927662573152395,0.6666666666666666,0.5384615384615384,0.6666666666666666
5.0,2024,7,2,Bot,True,0.8111278411282321,0.6666666666666666,0.6666666666666666,0.6666666666666666
5.0,2024,7,3,Bot,True,0.8340203239244577,1.0,0.6666666666666666,0.6
5.0,2024,7,4,BruteForce,True,0.8383092773615954,0.6666666666666666,0.8181818181818182,0.6
5.0,2024,7,5,BruteForce,True,0.8205320450398625,0.42857142857142855,0.6666666666666666,0.5384615384615384
5.0,2024,7,6,DDoS,True,0.8608637801753032,0.6666666666666666,0.8181818181818182,0.8181818181818182
5.0,2024,7,7,DDoS,True,0.8268579409133037,1.0,0.6666666666666666,0.7391304347826086
5.0,2024,7,8,DoS,True,0.872558678837221,0.6666666666666666,0.6666666666666666,0.7391304347826086
5.0,2024,7,9,DoS,True,0.8659043513920919,0.6666666666666666,0.8181818181818182,0.6666666666666666
5.0,2024,7,10,PortScan,True,0.8937796289233486,1.0,0.3333333333333333,0.7391304347826086
5.0,2024,7,11,PortScan,True,0.8978674553997803,0.6666666666666666,0.6666666666666666,0.7391304347826086
5.0,2024,7,12,WebAttack,True,0.5803084133002053,0.42857142857142855,0.42857142857142855,0.5384615384615384
5.0,2024,7,13,WebAttack,True,0.5776110912581647,0.25,0.42857142857142855,0.5384615384615384
5.0,2024,8,0,Benign,True,0.6528904633219509,0.25,0.5384615384615384,0.48148148148148145
5.0,2024,8,1,Benign,True,0.7656096857552024,0.6666666666666666,0.5384615384615384,0.6
5.0,2024,8,2,Bot,True,0.7108208179525618,0.25,0.5384615384615384,0.42857142857142855
5.0,2024,8,3,Bot,True,0.7925065156770825,0.42857142857142855,0.5384615384615384,0.6666666666666666
5.0,2024,8,4,BruteForce,True,0.8633138998500514,0.42857142857142855,0.8181818181818182,0.8181818181818182
5.0,2024,8,5,BruteForce,True,0.8578415583637049,0.42857142857142855,0.6666666666666666,0.7391304347826086
5.0,2024,8,6,DDoS,True,0.8608783911684957,1.0,0.8181818181818182,0.7391304347826086
5.0,2024,8,7,DDoS,True,0.8321411742569855,1.0,0.8181818181818182,0.7391304347826086
5.0,2024,8,8,DoS,True,0.7955536007627504,0.42857142857142855,0.5384615384615384,0.5384615384615384
5.0,2024,8,9,DoS,True,0.8836721106623479,0.6666666666666666,0.8181818181818182,0.6666666666666666
5.0,2024,8,10,PortScan,True,0.8965175073855358,1.0,0.5384615384615384,0.6666666666666666
5.0,2024,8,11,PortScan,True,0.9213398348683484,1.0,0.6666666666666666,0.7391304347826086
5.0,2024,8,12,WebAttack,True,0.7981881427838143,0.6666666666666666,0.5384615384615384,0.5384615384615384
5.0,2024,8,13,WebAttack,True,0.7948008726602993,0.6666666666666666,0.42857142857142855,0.48148148148148145
5.0,2024,9,0,Benign,True,0.7522939740233314,0.42857142857142855,0.6666666666666666,0.5384615384615384
5.0,2024,9,1,Benign,True,0.8227290910709837,0.6666666666666666,0.6666666666666666,0.7391304347826086
5.0,2024,9,2,Bot,True,0.8028388761313421,0.6666666666666666,0.5384615384615384,0.5384615384615384
5.0,2024,9,3,Bot,True,0.8344653290397386,0.6666666666666666,0.8181818181818182,0.5384615384615384
5.0,2024,9,4,BruteForce,True,0.8491224913967351,1.0,0.5384615384615384,0.6666666666666666
5.0,2024,9,5,BruteForce,True,0.8360457690063792,0.6666666666666666,0.5384615384615384,0.6666666666666666
5.0,2024,9,6,DDoS,True,0.8152698452022329,1.0,0.5384615384615384,0.8181818181818182
5.0,2024,9,7,DDoS,True,0.81178380081606,1.0,0.42857142857142855,0.7391304347826086
5.0,2024,9,8,DoS,True,0.8071356510766812,0.42857142857142855,0.5384615384615384,0.6
5.0,2024,9,9,DoS,True,0.8530989996137457,0.6666666666666666,0.8181818181818182,0.7391304347826086
5.0,2024,9,10,PortScan,True,0.8937306469830621,1.0,0.42857142857142855,0.7391304347826086
5.0,2024,9,11,PortScan,True,0.8938933296859182,0.6666666666666666,0.6666666666666666,0.6666666666666666
5.0,2024,9,12,WebAttack,True,0.8477860595643155,0.42857142857142855,0.6666666666666666,0.6
5.0,2024,9,13,WebAttack,True,0.8314002169931946,0.42857142857142855,0.6666666666666666,0.6
